custom_operator,execution_operator,kernel_name,kernel_call_count,kernel_time_us,percent
null,flash_attn_3::bwd,"void cutlass::device_kernel<flash::enable_sm90_or_later<flash::FlashAttnBwdSm90<flash::CollectiveMainloopBwdSm90<2, 2, 2, cute::tuple<cute::C<1>, cute::C<1>, cute::C<1> >, cute::tuple<cute::C<80>, cute::C<128>, cute::C<128> >, cutlass::bfloat16_t, float, cutlass::arch::Sm90, false, false, false, true, false, true, false, true, 2, 1, 2, 1, false>, flash::CollectiveEpilogueBwdGQA<cute::tuple<cute::C<80>, cute::C<128>, cute::C<128> >, float, cutlass::arch::Sm90, 256, true, false>, flash::SingleTileScheduler<true, false, false, 128> > > >(flash::enable_sm90_or_later<flash::FlashAttnBwdSm90<flash::CollectiveMainloopBwdSm90<2, 2, 2, cute::tuple<cute::C<1>, cute::C<1>, cute::C<1> >, cute::tuple<cute::C<80>, cute::C<128>, cute::C<128> >, cutlass::bfloat16_t, float, cutlass::arch::Sm90, false, false, false, true, false, true, false, true, 2, 1, 2, 1, false>, flash::CollectiveEpilogueBwdGQA<cute::tuple<cute::C<80>, cute::C<128>, cute::C<128> >, float, cutlass::arch::Sm90, 256, true, false>, flash::SingleTileScheduler<true, false, false, 128> > >::Params)",216,41879049.176,32.752%
null,flash_attn_3::fwd,"void cutlass::device_kernel<flash::enable_sm90_or_later<flash::FlashAttnFwdSm90<flash::CollectiveMainloopFwdSm90<2, cute::tuple<cute::C<1>, cute::C<1>, cute::C<1> >, cute::tuple<cute::C<128>, cute::C<176>, cute::C<128> >, 128, cutlass::bfloat16_t, float, cutlass::arch::Sm90, false, false, false, true, false, false, false, true, true, true, false, false>, flash::CollectiveEpilogueFwd<cute::tuple<cute::C<128>, cute::C<128>, cute::C<176> >, cute::tuple<cute::C<1>, cute::C<1>, cute::C<1> >, cutlass::bfloat16_t, cutlass::arch::Sm90, 256, true, true, false, false>, flash::VarlenDynamicPersistentTileScheduler<128, 176, 256, 128, false, true, true, false, true, true> > > >(flash::enable_sm90_or_later<flash::FlashAttnFwdSm90<flash::CollectiveMainloopFwdSm90<2, cute::tuple<cute::C<1>, cute::C<1>, cute::C<1> >, cute::tuple<cute::C<128>, cute::C<176>, cute::C<128> >, 128, cutlass::bfloat16_t, float, cutlass::arch::Sm90, false, false, false, true, false, false, false, true, true, true, false, false>, flash::CollectiveEpilogueFwd<cute::tuple<cute::C<128>, cute::C<128>, cute::C<176> >, cute::tuple<cute::C<1>, cute::C<1>, cute::C<1> >, cutlass::bfloat16_t, cutlass::arch::Sm90, 256, true, true, false, false>, flash::VarlenDynamicPersistentTileScheduler<128, 176, 256, 128, false, true, true, false, true, true> > >::Params)",432,33219800.113,25.980%
null,aten::mm,nvjet_sm90_tst_192x192_64x4_2x1_v_bz_coopB_TNN,1728,12108099.169,9.469%
null,aten::mm,nvjet_sm90_tst_192x192_64x3_2x1_v_bz_coopB_NTN,648,9801993.185,7.666%
null,aten::mm,nvjet_sm90_tst_320x128_64x3_1x2_h_bz_coopB_NNT,1296,8889443.894,6.952%
null,aten::mm,nvjet_sm90_tst_320x128_64x3_1x2_h_bz_coopB_TNT,1080,7285177.877,5.697%
null,aten::mm,nvjet_sm90_tst_192x192_64x3_2x1_v_bz_coopB_NNN,432,3191411.232,2.496%
null,aten::mm,nvjet_sm90_tst_256x128_64x4_1x2_h_bz_coopA_NTT,864,2523724.336,1.974%
null,aten::mm,nvjet_sm90_tst_256x128_64x4_1x2_h_bz_coopA_TNT,1944,1450652.757,1.135%
null,triton_poi_fused_mul_silu_silu_backward_12,triton_poi_fused_mul_silu_silu_backward_12,216,1031155.215,0.806%
null,triton_per_fused__to_copy_add_div_expand_mean_mul_pow_rsqrt_scalar_tensor_sum_unsqueeze_where_19,triton_per_fused__to_copy_add_div_expand_mean_mul_pow_rsqrt_scalar_tensor_sum_unsqueeze_where_19,216,512647.181,0.401%
null,triton_poi_fused_mul_silu_14,triton_poi_fused_mul_silu_14,216,505719.664,0.396%
null,triton_red_fused__to_copy_add_div_expand_mean_mul_pow_rsqrt_scalar_tensor_sum_unsqueeze_where_14,triton_red_fused__to_copy_add_div_expand_mean_mul_pow_rsqrt_scalar_tensor_sum_unsqueeze_where_14,216,342799.601,0.268%
null,aten::mm,void cutlass::Kernel2<cutlass_80_simt_sgemm_128x256_8x4_nt_align1>(cutlass_80_simt_sgemm_128x256_8x4_nt_align1::Params),8,326041.196,0.255%
null,aten::mm,nvjet_sm90_tst_256x128_64x4_1x2_h_bz_coopA_NNT,1297,323500.186,0.253%
null,aten::mm,sm80_xmma_gemm_f32f32_f32f32_f32_nn_n_tilesize256x128x8_stage3_warpsize4x2x1_ffma_aligna4_alignc4_execute_kernel__5x_cublas,4,320143.276,0.250%
null,triton_red_fused__to_copy_add_mean_mul_new_zeros_pow_rsqrt_scalar_tensor_unsqueeze_where_9,triton_red_fused__to_copy_add_mean_mul_new_zeros_pow_rsqrt_scalar_tensor_unsqueeze_where_9,216,282441.083,0.221%
null,aten::addmm,sm80_xmma_gemm_f32f32_f32f32_f32_tn_n_tilesize128x128x8_stage3_warpsize2x2x1_ffma_aligna4_alignc4_execute_kernel__5x_cublas,8,274443.413,0.215%
null,aten::split_with_sizes_copy,"at::native::detail::split_with_sizes_copy_out_contiguous_no_cast_kernel(char**, char**, long*, long*, long*, long, long)",438,259986.495,0.203%
null,flash_attn_3::bwd,"void cutlass::device_kernel<flash::FlashAttnBwdPreprocess<cute::tuple<cute::C<80>, cute::C<128> >, cutlass::bfloat16_t, float, cutlass::arch::Sm90, true, true> >(flash::FlashAttnBwdPreprocess<cute::tuple<cute::C<80>, cute::C<128> >, cutlass::bfloat16_t, float, cutlass::arch::Sm90, true, true>::Params)",216,258890.014,0.202%
null,triton_poi_fused_add_new_zeros_unsqueeze_where_15,triton_poi_fused_add_new_zeros_unsqueeze_where_15,216,220785.298,0.173%
null,flash_attn_3::bwd,"void cutlass::device_kernel<flash::FlashAttnBwdPostprocessConvertdQ<cute::tuple<cute::C<80>, cute::C<128> >, cutlass::bfloat16_t, float, cutlass::arch::Sm90, 256, cute::TiledMMA<cute::MMA_Atom<cute::SM90::GMMA::MMA_64x80x16_F32BF16BF16_SS<(cute::SM90::GMMA::Major)1, (cute::SM90::GMMA::Major)0, (cute::SM90::GMMA::ScaleIn)1, (cute::SM90::GMMA::ScaleIn)1> >, cute::Layout<cute::tuple<cute::C<2>, cute::C<1>, cute::C<1> >, cute::tuple<cute::C<1>, cute::C<0>, cute::C<0> > >, cute::tuple<cute::Underscore, cute::Underscore, cute::Underscore> >, true> >(flash::FlashAttnBwdPostprocessConvertdQ<cute::tuple<cute::C<80>, cute::C<128> >, cutlass::bfloat16_t, float, cutlass::arch::Sm90, 256, cute::TiledMMA<cute::MMA_Atom<cute::SM90::GMMA::MMA_64x80x16_F32BF16BF16_SS<(cute::SM90::GMMA::Major)1, (cute::SM90::GMMA::Major)0, (cute::SM90::GMMA::ScaleIn)1, (cute::SM90::GMMA::ScaleIn)1> >, cute::Layout<cute::tuple<cute::C<2>, cute::C<1>, cute::C<1> >, cute::tuple<cute::C<1>, cute::C<0>, cute::C<0> > >, cute::tuple<cute::Underscore, cute::Underscore, cute::Underscore> >, true>::Params)",216,204214.906,0.160%
null,triton_per_fused__to_copy_add_cat_mean_mul_neg_pow_rsqrt_slice_unsqueeze_view_8,triton_per_fused__to_copy_add_cat_mean_mul_neg_pow_rsqrt_slice_unsqueeze_view_8,216,187033.614,0.146%
null,triton_per_fused__to_copy_add_div_expand_mean_mul_pow_rsqrt_sum_view_18,triton_per_fused__to_copy_add_div_expand_mean_mul_pow_rsqrt_sum_view_18,216,177494.756,0.139%
null,triton_red_fused__to_copy_add_mean_mul_new_zeros_pow_rsqrt_unsqueeze_where_13,triton_red_fused__to_copy_add_mean_mul_new_zeros_pow_rsqrt_unsqueeze_where_13,216,176495.451,0.138%
null,triton_red_fused__to_copy_add_mean_mul_pow_rsqrt_0,triton_red_fused__to_copy_add_mean_mul_pow_rsqrt_0,432,160638.857,0.126%
null,triton_per_fused__flash_attn_forward__to_copy_add_cat_mean_mul_neg_pow_rsqrt_slice_squeeze_unsqueeze_view_12,triton_per_fused__flash_attn_forward__to_copy_add_cat_mean_mul_neg_pow_rsqrt_slice_squeeze_unsqueeze_view_12,216,160267.323,0.125%
null,triton_red_fused__to_copy_add_mean_mul_pow_rsqrt_8,triton_red_fused__to_copy_add_mean_mul_pow_rsqrt_8,216,136763.81,0.107%
null,aten::fill_,"void at::native::vectorized_elementwise_kernel<8, at::native::FillFunctor<c10::BFloat16>, std::array<char*, 1ul> >(int, at::native::FillFunctor<c10::BFloat16>, std::array<char*, 1ul>)",1026,130007.978,0.102%
null,triton_poi_fused_add_mul_neg_slice_slice_backward_squeeze_unsqueeze_17,triton_poi_fused_add_mul_neg_slice_slice_backward_squeeze_unsqueeze_17,216,124503.405,0.097%
null,flash_attn_3::bwd,"void cutlass::device_kernel<flash::FlashAttnBwdPostprocessConvertdQ<cute::tuple<cute::C<128>, cute::C<128> >, cutlass::bfloat16_t, float, cutlass::arch::Sm90, 256, cute::TiledMMA<cute::MMA_Atom<cute::SM90::GMMA::MMA_64x128x16_F32BF16BF16_RS<(cute::SM90::GMMA::Major)0, (cute::SM90::GMMA::Major)1, (cute::SM90::GMMA::ScaleIn)1, (cute::SM90::GMMA::ScaleIn)1> >, cute::Layout<cute::tuple<cute::C<2>, cute::C<1>, cute::C<1> >, cute::tuple<cute::C<1>, cute::C<0>, cute::C<0> > >, cute::tuple<cute::Underscore, cute::Underscore, cute::Underscore> >, false> >(flash::FlashAttnBwdPostprocessConvertdQ<cute::tuple<cute::C<128>, cute::C<128> >, cutlass::bfloat16_t, float, cutlass::arch::Sm90, 256, cute::TiledMMA<cute::MMA_Atom<cute::SM90::GMMA::MMA_64x128x16_F32BF16BF16_RS<(cute::SM90::GMMA::Major)0, (cute::SM90::GMMA::Major)1, (cute::SM90::GMMA::ScaleIn)1, (cute::SM90::GMMA::ScaleIn)1> >, cute::Layout<cute::tuple<cute::C<2>, cute::C<1>, cute::C<1> >, cute::tuple<cute::C<1>, cute::C<0>, cute::C<0> > >, cute::tuple<cute::Underscore, cute::Underscore, cute::Underscore> >, false>::Params)",864,107221.824,0.084%
null,aten::_foreach_copy_,"void at::native::(anonymous namespace)::multi_tensor_apply_kernel<at::native::(anonymous namespace)::TensorListMetadata<2>, at::native::(anonymous namespace)::UnaryOpFunctor<c10::BFloat16, 2, 1, 1>, at::native::Copy<c10::BFloat16, c10::BFloat16> >(at::native::(anonymous namespace)::TensorListMetadata<2>, at::native::(anonymous namespace)::UnaryOpFunctor<c10::BFloat16, 2, 1, 1>, at::native::Copy<c10::BFloat16, c10::BFloat16>)",1344,67232.973,0.053%
null,aten::_chunk_cat,"void at::native::detail::chunk_cat_cuda_kernel<char, char>(char**, char*, long*, long*, long*, long*, long*, long*, long, long, long)",222,66280.389,0.052%
null,aten::fill_,"void at::native::vectorized_elementwise_kernel<4, at::native::FillFunctor<float>, std::array<char*, 1ul> >(int, at::native::FillFunctor<float>, std::array<char*, 1ul>)",1777,62968.248,0.049%
null,triton_poi_fused_add_index_mul_neg_slice_slice_backward_squeeze_unsqueeze_15,triton_poi_fused_add_index_mul_neg_slice_slice_backward_squeeze_unsqueeze_15,216,59074.625,0.046%
null,triton_poi_fused_index_put_squeeze_unsqueeze_zeros_21,triton_poi_fused_index_put_squeeze_unsqueeze_zeros_21,432,58792.893,0.046%
null,flash_attn_3::bwd,"void cutlass::device_kernel<flash::enable_sm90_or_later<flash::FlashAttnBwdSm90<flash::CollectiveMainloopBwdSm90<2, 2, 2, cute::tuple<cute::C<1>, cute::C<1>, cute::C<1> >, cute::tuple<cute::C<64>, cute::C<128>, cute::C<128> >, cutlass::bfloat16_t, float, cutlass::arch::Sm90, true, false, false, true, false, true, false, false, 2, 1, 2, 1, false>, flash::CollectiveEpilogueBwdGQA<cute::tuple<cute::C<64>, cute::C<128>, cute::C<128> >, float, cutlass::arch::Sm90, 256, true, false>, flash::SingleTileBwdLPTScheduler<true, 128, false> > > >(flash::enable_sm90_or_later<flash::FlashAttnBwdSm90<flash::CollectiveMainloopBwdSm90<2, 2, 2, cute::tuple<cute::C<1>, cute::C<1>, cute::C<1> >, cute::tuple<cute::C<64>, cute::C<128>, cute::C<128> >, cutlass::bfloat16_t, float, cutlass::arch::Sm90, true, false, false, true, false, true, false, false, 2, 1, 2, 1, false>, flash::CollectiveEpilogueBwdGQA<cute::tuple<cute::C<64>, cute::C<128>, cute::C<128> >, float, cutlass::arch::Sm90, 256, true, false>, flash::SingleTileBwdLPTScheduler<true, 128, false> > >::Params)",216,58687.74,0.046%
null,aten::mm,nvjet_sm90_tst_128x192_64x5_2x1_v_bz_coopB_TNN,864,52950.694,0.041%
null,aten::sum,"void at::native::reduce_kernel<128, 4, at::native::ReduceOp<float, at::native::func_wrapper_t<float, at::native::sum_functor<float, float, float>::operator()(at::TensorIterator&)::{lambda(float, float)#1}>, unsigned int, float, 4, 4> >(at::native::ReduceOp<float, at::native::func_wrapper_t<float, at::native::sum_functor<float, float, float>::operator()(at::TensorIterator&)::{lambda(float, float)#1}>, unsigned int, float, 4, 4>)",878,50362.207,0.039%
null,flash_attn_3::fwd,"void cutlass::device_kernel<flash::enable_sm90_or_later<flash::FlashAttnFwdSm90<flash::CollectiveMainloopFwdSm90<2, cute::tuple<cute::C<1>, cute::C<1>, cute::C<1> >, cute::tuple<cute::C<128>, cute::C<128>, cute::C<128> >, 128, cutlass::bfloat16_t, float, cutlass::arch::Sm90, true, false, false, true, false, false, false, true, true, true, false, false>, flash::CollectiveEpilogueFwd<cute::tuple<cute::C<128>, cute::C<128>, cute::C<128> >, cute::tuple<cute::C<1>, cute::C<1>, cute::C<1> >, cutlass::bfloat16_t, cutlass::arch::Sm90, 256, true, true, false, false>, flash::VarlenDynamicPersistentTileScheduler<128, 128, 256, 128, false, true, true, true, true, true> > > >(flash::enable_sm90_or_later<flash::FlashAttnFwdSm90<flash::CollectiveMainloopFwdSm90<2, cute::tuple<cute::C<1>, cute::C<1>, cute::C<1> >, cute::tuple<cute::C<128>, cute::C<128>, cute::C<128> >, 128, cutlass::bfloat16_t, float, cutlass::arch::Sm90, true, false, false, true, false, false, false, true, true, true, false, false>, flash::CollectiveEpilogueFwd<cute::tuple<cute::C<128>, cute::C<128>, cute::C<128> >, cute::tuple<cute::C<1>, cute::C<1>, cute::C<1> >, cutlass::bfloat16_t, cutlass::arch::Sm90, 256, true, true, false, false>, flash::VarlenDynamicPersistentTileScheduler<128, 128, 256, 128, false, true, true, true, true, true> > >::Params)",432,49498.982,0.039%
null,triton_per_fused__to_copy_add_div_expand_mean_mul_pow_rsqrt_sum_view_16,triton_per_fused__to_copy_add_div_expand_mean_mul_pow_rsqrt_sum_view_16,216,45261.19,0.035%
null,triton_per_fused__to_copy_add_cat_mean_mul_neg_pow_rsqrt_slice_unsqueeze_view_10,triton_per_fused__to_copy_add_cat_mean_mul_neg_pow_rsqrt_slice_unsqueeze_view_10,432,43435.7,0.034%
null,triton_poi_fused__to_copy_add_index_put_mean_mul_pow_rsqrt_slice_unsqueeze_view_6,triton_poi_fused__to_copy_add_index_put_mean_mul_pow_rsqrt_slice_unsqueeze_view_6,216,39293.756,0.031%
null,triton_poi_fused__to_copy_add_index_put_mean_mul_pow_rsqrt_slice_unsqueeze_view_11,triton_poi_fused__to_copy_add_index_put_mean_mul_pow_rsqrt_slice_unsqueeze_view_11,216,38859.155,0.030%
null,triton_per_fused__to_copy_add_cat_mean_mul_neg_pow_rsqrt_slice_unsqueeze_view_1,triton_per_fused__to_copy_add_cat_mean_mul_neg_pow_rsqrt_slice_unsqueeze_view_1,432,38524.644,0.030%
null,aten::_index_put_impl_,"void at::native::index_elementwise_kernel<128, 4, at::native::gpu_index_kernel<at::native::index_put_kernel_impl<at::native::OpaqueType<2> >(at::TensorIterator&, c10::ArrayRef<long>, c10::ArrayRef<long>)::{lambda(char*, char const*, long)#1}>(at::TensorIteratorBase&, c10::ArrayRef<long>, c10::ArrayRef<long>, at::native::index_put_kernel_impl<at::native::OpaqueType<2> >(at::TensorIterator&, c10::ArrayRef<long>, c10::ArrayRef<long>)::{lambda(char*, char const*, long)#1} const&, bool)::{lambda(int)#1}>(long, at::native::gpu_index_kernel<at::native::index_put_kernel_impl<at::native::OpaqueType<2> >(at::TensorIterator&, c10::ArrayRef<long>, c10::ArrayRef<long>)::{lambda(char*, char const*, long)#1}>(at::TensorIteratorBase&, c10::ArrayRef<long>, c10::ArrayRef<long>, at::native::index_put_kernel_impl<at::native::OpaqueType<2> >(at::TensorIterator&, c10::ArrayRef<long>, c10::ArrayRef<long>)::{lambda(char*, char const*, long)#1} const&, bool)::{lambda(int)#1})",63,36169.116,0.028%
null,triton_poi_fused_index_put_new_zeros_slice_6,triton_poi_fused_index_put_new_zeros_slice_6,432,29281.795,0.023%
null,triton_poi_fused_index_put_new_zeros_slice_4,triton_poi_fused_index_put_new_zeros_slice_4,432,29037.323,0.023%
null,aten::copy_,"void at::native::unrolled_elementwise_kernel<at::native::direct_copy_kernel_cuda(at::TensorIteratorBase&)::{lambda()#3}::operator()() const::{lambda()#7}::operator()() const::{lambda(float)#1}, std::array<char*, 2ul>, 4, TrivialOffsetCalculator<1, unsigned int>, TrivialOffsetCalculator<1, unsigned int>, at::native::memory::LoadWithCast<1>, at::native::memory::StoreWithCast<1> >(int, at::native::direct_copy_kernel_cuda(at::TensorIteratorBase&)::{lambda()#3}::operator()() const::{lambda()#7}::operator()() const::{lambda(float)#1}, std::array<char*, 2ul>, TrivialOffsetCalculator<1, unsigned int>, TrivialOffsetCalculator<1, unsigned int>, at::native::memory::LoadWithCast<1>, at::native::memory::StoreWithCast<1>)",110,26799.569,0.021%
null,triton_poi_fused_mul_silu_silu_backward_13,triton_poi_fused_mul_silu_silu_backward_13,216,26058.688,0.020%
null,triton_poi_fused_index_put_squeeze_unsqueeze_zeros_22,triton_poi_fused_index_put_squeeze_unsqueeze_zeros_22,432,23973.699,0.019%
null,aten::add_,"void at::native::vectorized_elementwise_kernel<8, at::native::CUDAFunctor_add<c10::BFloat16>, std::array<char*, 3ul> >(int, at::native::CUDAFunctor_add<c10::BFloat16>, std::array<char*, 3ul>)",1248,23747.639,0.019%
null,triton_poi_fused_index_put_slice_view_9,triton_poi_fused_index_put_slice_view_9,216,23688.069,0.019%
null,triton_poi_fused_index_put_slice_view_7,triton_poi_fused_index_put_slice_view_7,216,23392.727,0.018%
null,aten::mul,"void at::native::elementwise_kernel<128, 2, at::native::gpu_kernel_impl_nocast<at::native::BinaryFunctor<float, float, float, at::native::binary_internal::MulFunctor<float> > >(at::TensorIteratorBase&, at::native::BinaryFunctor<float, float, float, at::native::binary_internal::MulFunctor<float> > const&)::{lambda(int)#1}>(int, at::native::gpu_kernel_impl_nocast<at::native::BinaryFunctor<float, float, float, at::native::binary_internal::MulFunctor<float> > >(at::TensorIteratorBase&, at::native::BinaryFunctor<float, float, float, at::native::binary_internal::MulFunctor<float> > const&)::{lambda(int)#1})",294,22127.418,0.017%
null,aten::mul,"void at::native::vectorized_elementwise_kernel<4, at::native::BinaryFunctor<float, float, float, at::native::binary_internal::MulFunctor<float> >, std::array<char*, 3ul> >(int, at::native::BinaryFunctor<float, float, float, at::native::binary_internal::MulFunctor<float> >, std::array<char*, 3ul>)",81,19741.259,0.015%
null,aten::_fused_adamw_,"void at::native::(anonymous namespace)::multi_tensor_apply_kernel<at::native::(anonymous namespace)::FusedOptimizerTensorListMetadata<4>, at::native::(anonymous namespace)::FusedAdamMathFunctor<c10::BFloat16, 4, (at::native::ADAM_MODE)1, false>, float const*, double, double, double, double, double, bool, float const*, float const*>(at::native::(anonymous namespace)::FusedOptimizerTensorListMetadata<4>, at::native::(anonymous namespace)::FusedAdamMathFunctor<c10::BFloat16, 4, (at::native::ADAM_MODE)1, false>, float const*, double, double, double, double, double, bool, float const*, float const*)",126,17776.866,0.014%
null,aten::mul,"void at::native::elementwise_kernel<128, 4, at::native::gpu_kernel_impl_nocast<at::native::BinaryFunctor<c10::BFloat16, c10::BFloat16, c10::BFloat16, at::native::binary_internal::MulFunctor<float> > >(at::TensorIteratorBase&, at::native::BinaryFunctor<c10::BFloat16, c10::BFloat16, c10::BFloat16, at::native::binary_internal::MulFunctor<float> > const&)::{lambda(int)#1}>(int, at::native::gpu_kernel_impl_nocast<at::native::BinaryFunctor<c10::BFloat16, c10::BFloat16, c10::BFloat16, at::native::binary_internal::MulFunctor<float> > >(at::TensorIteratorBase&, at::native::BinaryFunctor<c10::BFloat16, c10::BFloat16, c10::BFloat16, at::native::binary_internal::MulFunctor<float> > const&)::{lambda(int)#1})",24,15933.015,0.012%
null,triton_poi_fused_mul_silu_4,triton_poi_fused_mul_silu_4,216,15859.087,0.012%
null,aten::copy_,"void at::native::vectorized_elementwise_kernel<8, at::native::bfloat16_copy_kernel_cuda(at::TensorIteratorBase&)::{lambda(float)#1}, std::array<char*, 2ul> >(int, at::native::bfloat16_copy_kernel_cuda(at::TensorIteratorBase&)::{lambda(float)#1}, std::array<char*, 2ul>)",1002,15783.662,0.012%
null,aten::_index_put_impl_,"void (anonymous namespace)::indexing_backward_kernel<c10::BFloat16, 4>(long const*, long const*, c10::BFloat16 const*, c10::BFloat16*, long, long, long, long, bool)",18,13519.084,0.011%
null,aten::index,"void at::native::vectorized_gather_kernel<16, long>(char*, char*, long*, int, long, long, long, long, bool)",60,12406.92,0.010%
null,triton_red_fused__to_copy_add_div_expand_mean_mul_pow_rsqrt_sum_26,triton_red_fused__to_copy_add_div_expand_mean_mul_pow_rsqrt_sum_26,216,11931.454,0.009%
null,triton_red_fused__to_copy_add_div_expand_mean_mul_pow_rsqrt_scalar_tensor_sum_unsqueeze_where_20,triton_red_fused__to_copy_add_div_expand_mean_mul_pow_rsqrt_scalar_tensor_sum_unsqueeze_where_20,216,11461.05,0.009%
null,aten::add_,"void at::native::vectorized_elementwise_kernel<4, at::native::CUDAFunctor_add<float>, std::array<char*, 3ul> >(int, at::native::CUDAFunctor_add<float>, std::array<char*, 3ul>)",25,9695.541,0.008%
null,flash_attn_3::bwd,"void cutlass::device_kernel<flash::FlashAttnBwdPreprocess<cute::tuple<cute::C<64>, cute::C<128> >, cutlass::bfloat16_t, float, cutlass::arch::Sm90, true, true> >(flash::FlashAttnBwdPreprocess<cute::tuple<cute::C<64>, cute::C<128> >, cutlass::bfloat16_t, float, cutlass::arch::Sm90, true, true>::Params)",216,8656.948,0.007%
null,triton_red_fused__to_copy_add_mean_mul_new_zeros_pow_rsqrt_scalar_tensor_unsqueeze_where_11,triton_red_fused__to_copy_add_mean_mul_new_zeros_pow_rsqrt_scalar_tensor_unsqueeze_where_11,216,8497.807,0.007%
null,aten::scatter_add,"void at::native::_scatter_gather_elementwise_kernel<128, 8, at::native::_cuda_scatter_gather_internal_kernel<true, c10::BFloat16, long>::operator()<at::native::ReduceAdd>(at::TensorIterator&, long, long, long, at::native::ReduceAdd const&)::{lambda(int)#1}>(int, at::native::_cuda_scatter_gather_internal_kernel<true, c10::BFloat16, long>::operator()<at::native::ReduceAdd>(at::TensorIterator&, long, long, long, at::native::ReduceAdd const&)::{lambda(int)#1})",6,8101.868,0.006%
null,aten::_foreach_mul_,"void at::native::(anonymous namespace)::multi_tensor_apply_kernel<at::native::(anonymous namespace)::TensorListMetadata<1>, at::native::(anonymous namespace)::BinaryOpScalarTensorFunctor<c10::BFloat16, 1, 1, 0>, std::multiplies<float>, c10::BFloat16*, float>(at::native::(anonymous namespace)::TensorListMetadata<1>, at::native::(anonymous namespace)::BinaryOpScalarTensorFunctor<c10::BFloat16, 1, 1, 0>, std::multiplies<float>, c10::BFloat16*, float)",126,7511.564,0.006%
null,triton_per_fused__flash_attn_forward__to_copy_add_cat_mean_mul_neg_pow_rsqrt_slice_squeeze_unsqueeze_view_2,triton_per_fused__flash_attn_forward__to_copy_add_cat_mean_mul_neg_pow_rsqrt_slice_squeeze_unsqueeze_view_2,216,7307.756,0.006%
null,aten::mul,"void at::native::vectorized_elementwise_kernel<4, at::native::AUnaryFunctor<float, float, float, at::native::binary_internal::MulFunctor<float> >, std::array<char*, 2ul> >(int, at::native::AUnaryFunctor<float, float, float, at::native::binary_internal::MulFunctor<float> >, std::array<char*, 2ul>)",93,7199.496,0.006%
null,aten::div,"void at::native::elementwise_kernel<128, 2, at::native::gpu_kernel_impl_nocast<at::native::BUnaryFunctor<float, float, float, at::native::binary_internal::MulFunctor<float> > >(at::TensorIteratorBase&, at::native::BUnaryFunctor<float, float, float, at::native::binary_internal::MulFunctor<float> > const&)::{lambda(int)#1}>(int, at::native::gpu_kernel_impl_nocast<at::native::BUnaryFunctor<float, float, float, at::native::binary_internal::MulFunctor<float> > >(at::TensorIteratorBase&, at::native::BUnaryFunctor<float, float, float, at::native::binary_internal::MulFunctor<float> > const&)::{lambda(int)#1})",49,6963.335,0.005%
null,aten::pow,"void at::native::vectorized_elementwise_kernel<4, at::native::(anonymous namespace)::pow_tensor_scalar_kernel_impl<float, float>(at::TensorIteratorBase&, float)::{lambda(float)#1}, std::array<char*, 2ul> >(int, at::native::(anonymous namespace)::pow_tensor_scalar_kernel_impl<float, float>(at::TensorIteratorBase&, float)::{lambda(float)#1}, std::array<char*, 2ul>)",45,6799.364,0.005%
null,triton_poi_fused_add_new_zeros_unsqueeze_where_5,triton_poi_fused_add_new_zeros_unsqueeze_where_5,216,6615.201,0.005%
null,triton_red_fused__to_copy_add_mean_mul_new_zeros_pow_rsqrt_unsqueeze_where_3,triton_red_fused__to_copy_add_mean_mul_new_zeros_pow_rsqrt_unsqueeze_where_3,216,6595.771,0.005%
null,flash_attn_3::bwd,"void cutlass::device_kernel<flash::FlashAttnBwdPostprocessConvertdQ<cute::tuple<cute::C<64>, cute::C<128> >, cutlass::bfloat16_t, float, cutlass::arch::Sm90, 256, cute::TiledMMA<cute::MMA_Atom<cute::SM90::GMMA::MMA_64x64x16_F32BF16BF16_SS<(cute::SM90::GMMA::Major)0, (cute::SM90::GMMA::Major)1, (cute::SM90::GMMA::ScaleIn)1, (cute::SM90::GMMA::ScaleIn)1> >, cute::Layout<cute::tuple<cute::C<1>, cute::C<2>, cute::C<1> >, cute::tuple<cute::C<0>, cute::C<1>, cute::C<0> > >, cute::tuple<cute::Underscore, cute::Underscore, cute::Underscore> >, false> >(flash::FlashAttnBwdPostprocessConvertdQ<cute::tuple<cute::C<64>, cute::C<128> >, cutlass::bfloat16_t, float, cutlass::arch::Sm90, 256, cute::TiledMMA<cute::MMA_Atom<cute::SM90::GMMA::MMA_64x64x16_F32BF16BF16_SS<(cute::SM90::GMMA::Major)0, (cute::SM90::GMMA::Major)1, (cute::SM90::GMMA::ScaleIn)1, (cute::SM90::GMMA::ScaleIn)1> >, cute::Layout<cute::tuple<cute::C<1>, cute::C<2>, cute::C<1> >, cute::tuple<cute::C<0>, cute::C<1>, cute::C<0> > >, cute::tuple<cute::Underscore, cute::Underscore, cute::Underscore> >, false>::Params)",216,6400.899,0.005%
null,triton_per_fused__to_copy_add_div_expand_mean_mul_neg_pow_rsqrt_slice_slice_backward_squeeze_sum_unsqueeze_view_24,triton_per_fused__to_copy_add_div_expand_mean_mul_neg_pow_rsqrt_slice_slice_backward_squeeze_sum_unsqueeze_view_24,216,5962.853,0.005%
null,aten::silu_backward,"void at::native::vectorized_elementwise_kernel<4, at::native::(anonymous namespace)::silu_backward_kernel(at::TensorIteratorBase&)::{lambda()#1}::operator()() const::{lambda()#2}::operator()() const::{lambda(float, float)#1}, std::array<char*, 3ul> >(int, at::native::(anonymous namespace)::silu_backward_kernel(at::TensorIteratorBase&)::{lambda()#1}::operator()() const::{lambda()#2}::operator()() const::{lambda(float, float)#1}, std::array<char*, 3ul>)",6,5884.384,0.005%
null,triton_red_fused__to_copy_add_mean_mul_pow_rsqrt_2,triton_red_fused__to_copy_add_mean_mul_pow_rsqrt_2,216,4792.035,0.004%
null,aten::mul,"void at::native::vectorized_elementwise_kernel<8, at::native::BinaryFunctor<c10::BFloat16, c10::BFloat16, c10::BFloat16, at::native::binary_internal::MulFunctor<float> >, std::array<char*, 3ul> >(int, at::native::BinaryFunctor<c10::BFloat16, c10::BFloat16, c10::BFloat16, at::native::binary_internal::MulFunctor<float> >, std::array<char*, 3ul>)",6,4657.048,0.004%
null,aten::sum,"void at::native::reduce_kernel<128, 4, at::native::ReduceOp<c10::BFloat16, at::native::func_wrapper_t<c10::BFloat16, at::native::sum_functor<c10::BFloat16, float, c10::BFloat16>::operator()(at::TensorIterator&)::{lambda(float, float)#1}>, unsigned int, c10::BFloat16, 4, 8> >(at::native::ReduceOp<c10::BFloat16, at::native::func_wrapper_t<c10::BFloat16, at::native::sum_functor<c10::BFloat16, float, c10::BFloat16>::operator()(at::TensorIterator&)::{lambda(float, float)#1}>, unsigned int, c10::BFloat16, 4, 8>)",18,4193.783,0.003%
null,flash_attn_3::fwd,"void flash::prepare_varlen_num_blocks_kernel<1, true>(int, int, int, int const*, int const*, int const*, int const*, int const*, int const*, int, int, int, int, int, cutlass::FastDivmod, cutlass::FastDivmod, int*, int*, int*, int*, int*, bool, bool, bool, int)",864,4101.949,0.003%
null,aten::silu,"void at::native::vectorized_elementwise_kernel<4, at::native::(anonymous namespace)::silu_kernel(at::TensorIteratorBase&)::{lambda()#1}::operator()() const::{lambda()#2}::operator()() const::{lambda(float)#1}, std::array<char*, 2ul> >(int, at::native::(anonymous namespace)::silu_kernel(at::TensorIteratorBase&)::{lambda()#1}::operator()() const::{lambda()#2}::operator()() const::{lambda(float)#1}, std::array<char*, 2ul>)",6,4000.598,0.003%
null,aten::mean,"void at::native::reduce_kernel<512, 1, at::native::ReduceOp<float, at::native::MeanOps<float, float, float, float>, unsigned int, float, 4, 4> >(at::native::ReduceOp<float, at::native::MeanOps<float, float, float, float>, unsigned int, float, 4, 4>)",108,3985.813,0.003%
null,aten::sum,"void at::native::reduce_kernel<512, 1, at::native::ReduceOp<float, at::native::func_wrapper_t<float, at::native::sum_functor<float, float, float>::operator()(at::TensorIterator&)::{lambda(float, float)#1}>, unsigned int, float, 4, 4> >(at::native::ReduceOp<float, at::native::func_wrapper_t<float, at::native::sum_functor<float, float, float>::operator()(at::TensorIterator&)::{lambda(float, float)#1}>, unsigned int, float, 4, 4>)",12,3312.178,0.003%
null,aten::gather,"void at::native::vectorized_gather_kernel<16, long>(char*, char*, long*, int, long, long, long, long, bool)",12,2974.515,0.002%
null,triton_per_fused__to_copy_add_div_expand_index_mean_mul_neg_pow_rsqrt_slice_slice_backward_squeeze_sum_unsqueeze_view_23,triton_per_fused__to_copy_add_div_expand_index_mean_mul_neg_pow_rsqrt_slice_slice_backward_squeeze_sum_unsqueeze_view_23,216,2860.688,0.002%
null,aten::_foreach_norm,"void at::native::(anonymous namespace)::multi_tensor_apply_kernel<at::native::(anonymous namespace)::TensorListMetadata<1>, at::native::LpNormFunctor<c10::BFloat16, (at::native::NormType)1, c10::BFloat16, 1, 1, 0>, float*, int>(at::native::(anonymous namespace)::TensorListMetadata<1>, at::native::LpNormFunctor<c10::BFloat16, (at::native::NormType)1, c10::BFloat16, 1, 1, 0>, float*, int)",126,2558.762,0.002%
null,aten::mm,nvjet_sm90_tst_128x192_64x5_2x1_v_bz_coopB_splitK_NTN,6,2301.453,0.002%
null,aten::mm,nvjet_sm90_tst_192x128_64x5_1x2_h_bz_coopB_splitK_NTT,6,1916.842,0.001%
null,triton_per_fused__to_copy_add_cat_mean_mul_neg_pow_rsqrt_slice_unsqueeze_view_3,triton_per_fused__to_copy_add_cat_mean_mul_neg_pow_rsqrt_slice_unsqueeze_view_3,216,1856.724,0.001%
null,aten::copy_,"void at::native::elementwise_kernel<128, 4, at::native::gpu_kernel_impl_nocast<at::native::direct_copy_kernel_cuda(at::TensorIteratorBase&)::{lambda()#3}::operator()() const::{lambda()#12}::operator()() const::{lambda(c10::BFloat16)#1}>(at::TensorIteratorBase&, at::native::direct_copy_kernel_cuda(at::TensorIteratorBase&)::{lambda()#3}::operator()() const::{lambda()#12}::operator()() const::{lambda(c10::BFloat16)#1} const&)::{lambda(int)#1}>(int, at::native::gpu_kernel_impl_nocast<at::native::direct_copy_kernel_cuda(at::TensorIteratorBase&)::{lambda()#3}::operator()() const::{lambda()#12}::operator()() const::{lambda(c10::BFloat16)#1}>(at::TensorIteratorBase&, at::native::direct_copy_kernel_cuda(at::TensorIteratorBase&)::{lambda()#3}::operator()() const::{lambda()#12}::operator()() const::{lambda(c10::BFloat16)#1} const&)::{lambda(int)#1})",99,1842.927,0.001%
null,triton_poi_fused_index_put_new_zeros_slice_7,triton_poi_fused_index_put_new_zeros_slice_7,432,1582.815,0.001%
null,triton_poi_fused_index_put_new_zeros_slice_5,triton_poi_fused_index_put_new_zeros_slice_5,432,1321.614,0.001%
null,aten::mm,nvjet_sm90_tst_256x160_64x4_1x2_h_bz_coopA_NNT,3,1229.064,<0.001%
null,triton_poi_fused_add_index_slice_backward_squeeze_unsqueeze_25,triton_poi_fused_add_index_slice_backward_squeeze_unsqueeze_25,216,1191.627,<0.001%
null,aten::copy_,"void at::native::elementwise_kernel<128, 2, at::native::gpu_kernel_impl_nocast<at::native::direct_copy_kernel_cuda(at::TensorIteratorBase&)::{lambda()#3}::operator()() const::{lambda()#7}::operator()() const::{lambda(float)#1}>(at::TensorIteratorBase&, at::native::direct_copy_kernel_cuda(at::TensorIteratorBase&)::{lambda()#3}::operator()() const::{lambda()#7}::operator()() const::{lambda(float)#1} const&)::{lambda(int)#1}>(int, at::native::gpu_kernel_impl_nocast<at::native::direct_copy_kernel_cuda(at::TensorIteratorBase&)::{lambda()#3}::operator()() const::{lambda()#7}::operator()() const::{lambda(float)#1}>(at::TensorIteratorBase&, at::native::direct_copy_kernel_cuda(at::TensorIteratorBase&)::{lambda()#3}::operator()() const::{lambda()#7}::operator()() const::{lambda(float)#1} const&)::{lambda(int)#1})",14,1191.173,<0.001%
null,aten::addmm,nvjet_sm90_tst_256x144_64x4_1x2_h_bz_coopA_bias_TNT,3,857.028,<0.001%
null,aten::addmm,nvjet_sm90_tst_256x152_64x4_1x2_h_bz_coopA_bias_TNT,3,835.013,<0.001%
null,aten::index,"void at::native::index_elementwise_kernel<128, 4, at::native::gpu_index_kernel<at::native::index_kernel_impl<at::native::OpaqueType<2> >(at::TensorIteratorBase&, c10::ArrayRef<long>, c10::ArrayRef<long>)::{lambda(char*, char const*, long)#1}>(at::TensorIteratorBase&, c10::ArrayRef<long>, c10::ArrayRef<long>, at::native::index_kernel_impl<at::native::OpaqueType<2> >(at::TensorIteratorBase&, c10::ArrayRef<long>, c10::ArrayRef<long>)::{lambda(char*, char const*, long)#1} const&, bool)::{lambda(int)#1}>(long, at::native::gpu_index_kernel<at::native::index_kernel_impl<at::native::OpaqueType<2> >(at::TensorIteratorBase&, c10::ArrayRef<long>, c10::ArrayRef<long>)::{lambda(char*, char const*, long)#1}>(at::TensorIteratorBase&, c10::ArrayRef<long>, c10::ArrayRef<long>, at::native::index_kernel_impl<at::native::OpaqueType<2> >(at::TensorIteratorBase&, c10::ArrayRef<long>, c10::ArrayRef<long>)::{lambda(char*, char const*, long)#1} const&, bool)::{lambda(int)#1})",33,827.144,<0.001%
null,aten::sub,"void at::native::unrolled_elementwise_kernel<at::native::CUDAFunctor_add<float>, std::array<char*, 3ul>, 4, TrivialOffsetCalculator<2, unsigned int>, TrivialOffsetCalculator<1, unsigned int>, at::native::memory::LoadWithCast<2>, at::native::memory::StoreWithCast<1> >(int, at::native::CUDAFunctor_add<float>, std::array<char*, 3ul>, TrivialOffsetCalculator<2, unsigned int>, TrivialOffsetCalculator<1, unsigned int>, at::native::memory::LoadWithCast<2>, at::native::memory::StoreWithCast<1>)",33,575.78,<0.001%
null,aten::addmm,nvjet_sm90_tst_192x176_64x4_1x2_h_bz_coopB_bias_TNT,2,562.882,<0.001%
null,aten::mm,nvjet_sm90_tst_256x152_64x4_1x2_h_bz_coopA_NNT,2,466.947,<0.001%
null,aten::addmm,nvjet_sm90_tst_192x144_64x5_1x2_h_bz_coopB_bias_TNT,2,461.985,<0.001%
null,aten::sub,"void at::native::vectorized_elementwise_kernel<4, at::native::CUDAFunctor_add<float>, std::array<char*, 3ul> >(int, at::native::CUDAFunctor_add<float>, std::array<char*, 3ul>)",33,382.851,<0.001%
null,aten::normal_,"void at::native::(anonymous namespace)::distribution_elementwise_grid_stride_kernel<float, 4, at::native::templates::cuda::normal_and_transform<float, float, at::CUDAGeneratorImpl*, at::native::templates::cuda::normal_kernel<at::CUDAGeneratorImpl*>(at::TensorBase const&, double, double, at::CUDAGeneratorImpl*)::{lambda()#1}::operator()() const::{lambda()#2}::operator()() const::{lambda(float)#1}>(at::TensorIteratorBase&, at::CUDAGeneratorImpl*, at::native::templates::cuda::normal_kernel<at::CUDAGeneratorImpl*>(at::TensorBase const&, double, double, at::CUDAGeneratorImpl*)::{lambda()#1}::operator()() const::{lambda()#2}::operator()() const::{lambda(float)#1})::{lambda(curandStatePhilox4_32_10*)#2}, at::native::(anonymous namespace)::distribution_nullary_kernel<float, float, float4, at::CUDAGeneratorImpl*, at::native::templates::cuda::normal_and_transform<float, float, at::CUDAGeneratorImpl*, at::native::templates::cuda::normal_kernel<at::CUDAGeneratorImpl*>(at::TensorBase const&, double, double, at::CUDAGeneratorImpl*)::{lambda()#1}::operator()() const::{lambda()#2}::operator()() const::{lambda(float)#1}>(at::TensorIteratorBase&, at::CUDAGeneratorImpl*, at::native::templates::cuda::normal_kernel<at::CUDAGeneratorImpl*>(at::TensorBase const&, double, double, at::CUDAGeneratorImpl*)::{lambda()#1}::operator()() const::{lambda()#2}::operator()() const::{lambda(float)#1})::{lambda(curandStatePhilox4_32_10*)#2}, at::native::templates::cuda::normal_kernel<at::CUDAGeneratorImpl*>(at::TensorBase const&, double, double, at::CUDAGeneratorImpl*)::{lambda()#1}::operator()() const::{lambda()#2}::operator()() const::{lambda(float)#1}>(at::TensorIteratorBase&, at::CUDAGeneratorImpl*, at::native::templates::cuda::normal_and_transform<float, float, at::CUDAGeneratorImpl*, at::native::templates::cuda::normal_kernel<at::CUDAGeneratorImpl*>(at::TensorBase const&, double, double, at::CUDAGeneratorImpl*)::{lambda()#1}::operator()() const::{lambda()#2}::operator()() const::{lambda(float)#1}>(at::TensorIteratorBase&, at::CUDAGeneratorImpl*, at::native::templates::cuda::normal_kernel<at::CUDAGeneratorImpl*>(at::TensorBase const&, double, double, at::CUDAGeneratorImpl*)::{lambda()#1}::operator()() const::{lambda()#2}::operator()() const::{lambda(float)#1})::{lambda(curandStatePhilox4_32_10*)#2} const&, at::native::templates::cuda::normal_kernel<at::CUDAGeneratorImpl*>(at::TensorBase const&, double, double, at::CUDAGeneratorImpl*)::{lambda()#1}::operator()() const::{lambda()#2}::operator()() const::{lambda(float)#1})::{lambda(int, float)#1}>(long, at::PhiloxCudaState, at::native::templates::cuda::normal_and_transform<float, float, at::CUDAGeneratorImpl*, at::native::templates::cuda::normal_kernel<at::CUDAGeneratorImpl*>(at::TensorBase const&, double, double, at::CUDAGeneratorImpl*)::{lambda()#1}::operator()() const::{lambda()#2}::operator()() const::{lambda(float)#1}>(at::TensorIteratorBase&, at::CUDAGeneratorImpl*, at::native::templates::cuda::normal_kernel<at::CUDAGeneratorImpl*>(at::TensorBase const&, double, double, at::CUDAGeneratorImpl*)::{lambda()#1}::operator()() const::{lambda()#2}::operator()() const::{lambda(float)#1})::{lambda(curandStatePhilox4_32_10*)#2}, at::native::(anonymous namespace)::distribution_nullary_kernel<float, float, float4, at::CUDAGeneratorImpl*, at::native::templates::cuda::normal_and_transform<float, float, at::CUDAGeneratorImpl*, at::native::templates::cuda::normal_kernel<at::CUDAGeneratorImpl*>(at::TensorBase const&, double, double, at::CUDAGeneratorImpl*)::{lambda()#1}::operator()() const::{lambda()#2}::operator()() const::{lambda(float)#1}>(at::TensorIteratorBase&, at::CUDAGeneratorImpl*, at::native::templates::cuda::normal_kernel<at::CUDAGeneratorImpl*>(at::TensorBase const&, double, double, at::CUDAGeneratorImpl*)::{lambda()#1}::operator()() const::{lambda()#2}::operator()() const::{lambda(float)#1})::{lambda(curandStatePhilox4_32_10*)#2}, at::native::templates::cuda::normal_kernel<at::CUDAGeneratorImpl*>(at::TensorBase const&, double, double, at::CUDAGeneratorImpl*)::{lambda()#1}::operator()() const::{lambda()#2}::operator()() const::{lambda(float)#1}>(at::TensorIteratorBase&, at::CUDAGeneratorImpl*, at::native::templates::cuda::normal_and_transform<float, float, at::CUDAGeneratorImpl*, at::native::templates::cuda::normal_kernel<at::CUDAGeneratorImpl*>(at::TensorBase const&, double, double, at::CUDAGeneratorImpl*)::{lambda()#1}::operator()() const::{lambda()#2}::operator()() const::{lambda(float)#1}>(at::TensorIteratorBase&, at::CUDAGeneratorImpl*, at::native::templates::cuda::normal_kernel<at::CUDAGeneratorImpl*>(at::TensorBase const&, double, double, at::CUDAGeneratorImpl*)::{lambda()#1}::operator()() const::{lambda()#2}::operator()() const::{lambda(float)#1})::{lambda(curandStatePhilox4_32_10*)#2} const&, at::native::templates::cuda::normal_kernel<at::CUDAGeneratorImpl*>(at::TensorBase const&, double, double, at::CUDAGeneratorImpl*)::{lambda()#1}::operator()() const::{lambda()#2}::operator()() const::{lambda(float)#1})::{lambda(int, float)#1})",33,369.73,<0.001%
null,aten::_index_put_impl_,"void at_cuda_detail::cub::detail::radix_sort::DeviceRadixSortOnesweepKernel<at_cuda_detail::cub::detail::radix::policy_hub<long, at::cuda::cub::detail::OpaqueType<8>, unsigned long long>::Policy1000, (at_cuda_detail::cub::SortOrder)0, long, at::cuda::cub::detail::OpaqueType<8>, unsigned long long, int, int, at_cuda_detail::cub::detail::identity_decomposer_t>(int*, int*, unsigned long long*, unsigned long long const*, long*, long const*, at::cuda::cub::detail::OpaqueType<8>*, at::cuda::cub::detail::OpaqueType<8> const*, int, int, int, at_cuda_detail::cub::detail::identity_decomposer_t)",35,367.205,<0.001%
null,aten::copy_,"void at::native::unrolled_elementwise_kernel<at::native::direct_copy_kernel_cuda(at::TensorIteratorBase&)::{lambda()#3}::operator()() const::{lambda()#4}::operator()() const::{lambda(long)#1}, std::array<char*, 2ul>, 4, TrivialOffsetCalculator<1, unsigned int>, TrivialOffsetCalculator<1, unsigned int>, at::native::memory::LoadWithCast<1>, at::native::memory::StoreWithCast<1> >(int, at::native::direct_copy_kernel_cuda(at::TensorIteratorBase&)::{lambda()#3}::operator()() const::{lambda()#4}::operator()() const::{lambda(long)#1}, std::array<char*, 2ul>, TrivialOffsetCalculator<1, unsigned int>, TrivialOffsetCalculator<1, unsigned int>, at::native::memory::LoadWithCast<1>, at::native::memory::StoreWithCast<1>)",90,347.133,<0.001%
null,aten::sin,"void at::native::vectorized_elementwise_kernel<4, at::native::sin_kernel_cuda(at::TensorIteratorBase&)::{lambda()#2}::operator()() const::{lambda()#2}::operator()() const::{lambda(float)#1}, std::array<char*, 2ul> >(int, at::native::sin_kernel_cuda(at::TensorIteratorBase&)::{lambda()#2}::operator()() const::{lambda()#2}::operator()() const::{lambda(float)#1}, std::array<char*, 2ul>)",12,322.884,<0.001%
null,aten::cos,"void at::native::vectorized_elementwise_kernel<4, at::native::cos_kernel_cuda(at::TensorIteratorBase&)::{lambda()#2}::operator()() const::{lambda()#2}::operator()() const::{lambda(float)#1}, std::array<char*, 2ul> >(int, at::native::cos_kernel_cuda(at::TensorIteratorBase&)::{lambda()#2}::operator()() const::{lambda()#2}::operator()() const::{lambda(float)#1}, std::array<char*, 2ul>)",12,315.81,<0.001%
null,aten::add,"void at::native::vectorized_elementwise_kernel<4, at::native::CUDAFunctor_add<float>, std::array<char*, 3ul> >(int, at::native::CUDAFunctor_add<float>, std::array<char*, 3ul>)",33,313.628,<0.001%
null,aten::addmm,nvjet_sm90_tst_192x192_64x4_1x2_h_bz_coopB_bias_TNN,1,297.121,<0.001%
null,aten::cat,"void at::native::(anonymous namespace)::CatArrayBatchedCopy_vectorized<at::native::(anonymous namespace)::OpaqueType<4u>, unsigned int, 2, 128, 1, 16, 4>(char*, at::native::(anonymous namespace)::CatArrInputTensorMetadata<at::native::(anonymous namespace)::OpaqueType<4u>, unsigned int, 128, 1>, at::native::(anonymous namespace)::TensorSizeStride<unsigned int, 4u>, int, unsigned int)",6,269.185,<0.001%
null,aten::cat,"void at::native::(anonymous namespace)::CatArrayBatchedCopy<at::native::(anonymous namespace)::OpaqueType<4u>, unsigned int, 3, 64, 64>(at::native::(anonymous namespace)::OpaqueType<4u>*, at::native::(anonymous namespace)::CatArrInputTensorMetadata<at::native::(anonymous namespace)::OpaqueType<4u>, unsigned int, 64, 64>, at::native::(anonymous namespace)::TensorSizeStride<unsigned int, 4u>, int, unsigned int)",6,268.385,<0.001%
null,aten::addmm,nvjet_sm90_tst_192x160_64x4_1x2_h_bz_coopB_bias_TNT,1,185.185,<0.001%
null,aten::bmm,sm80_xmma_gemm_f32f32_f32f32_f32_nn_n_tilesize64x128x8_stage3_warpsize1x4x1_ffma_aligna4_alignc4_execute_kernel__5x_cublas,4,185.184,<0.001%
null,aten::sub,"void at::native::vectorized_elementwise_kernel<4, at::native::CUDAFunctorOnOther_add<float>, std::array<char*, 2ul> >(int, at::native::CUDAFunctorOnOther_add<float>, std::array<char*, 2ul>)",99,146.084,<0.001%
null,aten::mm,"void cublasLt::splitKreduce_kernel<32, 16, int, float, __nv_bfloat16, float, __nv_bfloat16, false, float, __nv_bfloat16, __nv_bfloat16, true, false, false, false>(cublasLt::cublasSplitKParams<float>, float const*, __nv_bfloat16 const*, float*, __nv_bfloat16*, float const*, float const*, __nv_bfloat16 const*, float const*, __nv_bfloat16*, void*, long, float*, int*, float*, float*, float const*, float const*, float const*, float const*, float const*)",12,97.601,<0.001%
null,aten::cat,"void at::native::(anonymous namespace)::CatArrayBatchedCopy_vectorized<at::native::(anonymous namespace)::OpaqueType<2u>, unsigned int, 1, 128, 1, 16, 8>(char*, at::native::(anonymous namespace)::CatArrInputTensorMetadata<at::native::(anonymous namespace)::OpaqueType<2u>, unsigned int, 128, 1>, at::native::(anonymous namespace)::TensorSizeStride<unsigned int, 4u>, int, unsigned int)",4,94.53,<0.001%
null,aten::add,"void at::native::vectorized_elementwise_kernel<4, at::native::CUDAFunctorOnSelf_add<float>, std::array<char*, 2ul> >(int, at::native::CUDAFunctorOnSelf_add<float>, std::array<char*, 2ul>)",65,87.239,<0.001%
null,aten::arange,"void (anonymous namespace)::elementwise_kernel_with_index<int, at::native::arange_cuda_out(c10::Scalar const&, c10::Scalar const&, c10::Scalar const&, at::Tensor&)::{lambda()#1}::operator()() const::{lambda()#4}::operator()() const::{lambda(long)#1}>(int, at::native::arange_cuda_out(c10::Scalar const&, c10::Scalar const&, c10::Scalar const&, at::Tensor&)::{lambda()#1}::operator()() const::{lambda()#4}::operator()() const::{lambda(long)#1}, function_traits<at::native::arange_cuda_out(c10::Scalar const&, c10::Scalar const&, c10::Scalar const&, at::Tensor&)::{lambda()#1}::operator()() const::{lambda()#4}::operator()() const::{lambda(long)#1}>::result_type*)",69,85.984,<0.001%
null,aten::repeat_interleave,"void compute_cuda_kernel<long>(long const*, long const*, long*, long, long)",6,85.889,<0.001%
null,aten::mul,"void at::native::vectorized_elementwise_kernel<2, at::native::AUnaryFunctor<long, long, long, at::native::binary_internal::MulFunctor<long> >, std::array<char*, 2ul> >(int, at::native::AUnaryFunctor<long, long, long, at::native::binary_internal::MulFunctor<long> >, std::array<char*, 2ul>)",51,82.621,<0.001%
null,aten::mm,void cutlass::Kernel2<cutlass_80_simt_sgemm_128x32_8x5_nn_align1>(cutlass_80_simt_sgemm_128x32_8x5_nn_align1::Params),4,80.833,<0.001%
null,aten::abs,"void at::native::vectorized_elementwise_kernel<4, at::native::AbsFunctor<float>, std::array<char*, 2ul> >(int, at::native::AbsFunctor<float>, std::array<char*, 2ul>)",55,66.655,<0.001%
null,aten::mul,"void at::native::vectorized_elementwise_kernel<4, at::native::BinaryFunctor<bool, bool, bool, at::native::binary_internal::MulFunctor<bool> >, std::array<char*, 3ul> >(int, at::native::BinaryFunctor<bool, bool, bool, at::native::binary_internal::MulFunctor<bool> >, std::array<char*, 3ul>)",49,66.372,<0.001%
null,aten::addmm,"void gemv2T_kernel_val<int, int, float, float, float, float, 128, 16, 4, 4, false, false, cublasGemvParamsEx<int, cublasGemvTensorStridedBatched<float const>, cublasGemvTensorStridedBatched<float const>, cublasGemvTensorStridedBatched<float>, float> >(cublasGemvParamsEx<int, cublasGemvTensorStridedBatched<float const>, cublasGemvTensorStridedBatched<float const>, cublasGemvTensorStridedBatched<float>, float>, float, float)",2,62.976,<0.001%
null,aten::ne,"void at::native::vectorized_elementwise_kernel<4, at::native::AUnaryFunctor<float, float, bool, at::native::(anonymous namespace)::CompareEqFunctor<float> >, std::array<char*, 2ul> >(int, at::native::AUnaryFunctor<float, float, bool, at::native::(anonymous namespace)::CompareEqFunctor<float> >, std::array<char*, 2ul>)",46,59.741,<0.001%
null,aten::mm,"std::enable_if<!(false), void>::type internal::gemvx::kernel<int, int, float, float, float, float, false, true, false, false, 9, false, cublasGemvParamsEx<int, cublasGemvTensorStridedBatched<float const>, cublasGemvTensorStridedBatched<float const>, cublasGemvTensorStridedBatched<float>, float> >(cublasGemvParamsEx<int, cublasGemvTensorStridedBatched<float const>, cublasGemvTensorStridedBatched<float const>, cublasGemvTensorStridedBatched<float>, float>)",2,57.824,<0.001%
null,aten::eq,"void at::native::vectorized_elementwise_kernel<4, at::native::BinaryFunctor<float, float, bool, at::native::(anonymous namespace)::CompareEqFunctor<float> >, std::array<char*, 3ul> >(int, at::native::BinaryFunctor<float, float, bool, at::native::(anonymous namespace)::CompareEqFunctor<float> >, std::array<char*, 3ul>)",46,57.63,<0.001%
null,aten::add,"void at::native::elementwise_kernel<128, 2, at::native::gpu_kernel_impl_nocast<at::native::CUDAFunctor_add<long> >(at::TensorIteratorBase&, at::native::CUDAFunctor_add<long> const&)::{lambda(int)#1}>(int, at::native::gpu_kernel_impl_nocast<at::native::CUDAFunctor_add<long> >(at::TensorIteratorBase&, at::native::CUDAFunctor_add<long> const&)::{lambda(int)#1})",33,57.249,<0.001%
null,aten::remainder,"void at::native::vectorized_elementwise_kernel<2, at::native::BUnaryFunctor<long, long, long, at::native::remainder_kernel_cuda(at::TensorIteratorBase&)::{lambda()#1}::operator()() const::{lambda()#4}::operator()() const::{lambda(long, long)#1}>, std::array<char*, 2ul> >(int, at::native::BUnaryFunctor<long, long, long, at::native::remainder_kernel_cuda(at::TensorIteratorBase&)::{lambda()#1}::operator()() const::{lambda()#4}::operator()() const::{lambda(long, long)#1}>, std::array<char*, 2ul>)",18,55.552,<0.001%
null,aten::index,"void at::native::index_elementwise_kernel<128, 4, at::native::gpu_index_kernel<at::native::index_kernel_impl<at::native::OpaqueType<8> >(at::TensorIteratorBase&, c10::ArrayRef<long>, c10::ArrayRef<long>)::{lambda(char*, char const*, long)#1}>(at::TensorIteratorBase&, c10::ArrayRef<long>, c10::ArrayRef<long>, at::native::index_kernel_impl<at::native::OpaqueType<8> >(at::TensorIteratorBase&, c10::ArrayRef<long>, c10::ArrayRef<long>)::{lambda(char*, char const*, long)#1} const&, bool)::{lambda(int)#1}>(long, at::native::gpu_index_kernel<at::native::index_kernel_impl<at::native::OpaqueType<8> >(at::TensorIteratorBase&, c10::ArrayRef<long>, c10::ArrayRef<long>)::{lambda(char*, char const*, long)#1}>(at::TensorIteratorBase&, c10::ArrayRef<long>, c10::ArrayRef<long>, at::native::index_kernel_impl<at::native::OpaqueType<8> >(at::TensorIteratorBase&, c10::ArrayRef<long>, c10::ArrayRef<long>)::{lambda(char*, char const*, long)#1} const&, bool)::{lambda(int)#1})",12,51.424,<0.001%
null,aten::mm,"void cublasLt::splitKreduce_kernel<32, 16, int, float, float, float, float, false, float, float, float, true, false, false, false>(cublasLt::cublasSplitKParams<float>, float const*, float const*, float*, float*, float const*, float const*, float const*, float const*, float*, void*, long, float*, int*, float*, float*, float const*, float const*, float const*, float const*, float const*)",4,50.688,<0.001%
null,aten::copy_,"void at::native::elementwise_kernel<128, 2, at::native::gpu_kernel_impl_nocast<at::native::direct_copy_kernel_cuda(at::TensorIteratorBase&)::{lambda()#3}::operator()() const::{lambda()#4}::operator()() const::{lambda(long)#1}>(at::TensorIteratorBase&, at::native::direct_copy_kernel_cuda(at::TensorIteratorBase&)::{lambda()#3}::operator()() const::{lambda()#4}::operator()() const::{lambda(long)#1} const&)::{lambda(int)#1}>(int, at::native::gpu_kernel_impl_nocast<at::native::direct_copy_kernel_cuda(at::TensorIteratorBase&)::{lambda()#3}::operator()() const::{lambda()#4}::operator()() const::{lambda(long)#1}>(at::TensorIteratorBase&, at::native::direct_copy_kernel_cuda(at::TensorIteratorBase&)::{lambda()#3}::operator()() const::{lambda()#4}::operator()() const::{lambda(long)#1} const&)::{lambda(int)#1})",33,49.945,<0.001%
null,aten::_index_put_impl_,"void at_cuda_detail::cub::detail::radix_sort::DeviceRadixSortHistogramKernel<at_cuda_detail::cub::detail::radix::policy_hub<long, at::cuda::cub::detail::OpaqueType<8>, unsigned long long>::Policy1000, (at_cuda_detail::cub::SortOrder)0, long, unsigned long long, at_cuda_detail::cub::detail::identity_decomposer_t>(unsigned long long*, long const*, unsigned long long, int, int, at_cuda_detail::cub::detail::identity_decomposer_t)",13,49.727,<0.001%
null,aten::add,"void at::native::vectorized_elementwise_kernel<2, at::native::CUDAFunctorOnSelf_add<long>, std::array<char*, 2ul> >(int, at::native::CUDAFunctorOnSelf_add<long>, std::array<char*, 2ul>)",33,48.8,<0.001%
null,aten::div,"void at::native::vectorized_elementwise_kernel<4, at::native::BUnaryFunctor<float, float, float, at::native::binary_internal::MulFunctor<float> >, std::array<char*, 2ul> >(int, at::native::BUnaryFunctor<float, float, float, at::native::binary_internal::MulFunctor<float> >, std::array<char*, 2ul>)",37,47.936,<0.001%
null,aten::div_,"void at::native::vectorized_elementwise_kernel<2, at::native::BUnaryFunctor<long, long, long, at::native::binary_internal::div_trunc_kernel_cuda(at::TensorIteratorBase&)::{lambda()#1}::operator()() const::{lambda()#4}::operator()() const::{lambda(long, long)#1}>, std::array<char*, 2ul> >(int, at::native::BUnaryFunctor<long, long, long, at::native::binary_internal::div_trunc_kernel_cuda(at::TensorIteratorBase&)::{lambda()#1}::operator()() const::{lambda()#4}::operator()() const::{lambda(long, long)#1}>, std::array<char*, 2ul>)",18,47.075,<0.001%
null,aten::div,"void at::native::vectorized_elementwise_kernel<4, at::native::BinaryFunctor<float, float, float, at::native::binary_internal::DivFunctor<float> >, std::array<char*, 3ul> >(int, at::native::BinaryFunctor<float, float, float, at::native::binary_internal::DivFunctor<float> >, std::array<char*, 3ul>)",29,44.899,<0.001%
null,aten::cat,"void at::native::(anonymous namespace)::CatArrayBatchedCopy_alignedK_contig<at::native::(anonymous namespace)::OpaqueType<4u>, unsigned int, 1, 128, 1, 16>(at::native::(anonymous namespace)::OpaqueType<4u>*, at::native::(anonymous namespace)::CatArrInputTensorMetadata<at::native::(anonymous namespace)::OpaqueType<4u>, unsigned int, 128, 1>, at::native::(anonymous namespace)::TensorSizeStride<unsigned int, 4u>, int, unsigned int)",26,43.458,<0.001%
null,aten::where,"void at::native::vectorized_elementwise_kernel<4, at::native::(anonymous namespace)::where_kernel_impl(at::TensorIterator&)::{lambda()#1}::operator()() const::{lambda()#11}::operator()() const::{lambda(bool, float, float)#1}, std::array<char*, 4ul> >(int, at::native::(anonymous namespace)::where_kernel_impl(at::TensorIterator&)::{lambda()#1}::operator()() const::{lambda()#11}::operator()() const::{lambda(bool, float, float)#1}, std::array<char*, 4ul>)",23,33.281,<0.001%
null,aten::_index_put_impl_,"void at_cuda_detail::cub::detail::radix_sort::DeviceRadixSortSingleTileKernel<at_cuda_detail::cub::detail::radix::policy_hub<long, at::cuda::cub::detail::OpaqueType<8>, unsigned long long>::Policy1000, (at_cuda_detail::cub::SortOrder)0, long, at::cuda::cub::detail::OpaqueType<8>, unsigned long long, at_cuda_detail::cub::detail::identity_decomposer_t>(long const*, long*, at::cuda::cub::detail::OpaqueType<8> const*, at::cuda::cub::detail::OpaqueType<8>*, unsigned long long, int, int, at_cuda_detail::cub::detail::identity_decomposer_t)",5,30.786,<0.001%
null,aten::gather,"void at::native::_scatter_gather_elementwise_kernel<128, 8, at::native::_cuda_scatter_gather_internal_kernel<false, at::native::OpaqueType<8>, long>::operator()<at::native::TensorAssign>(at::TensorIterator&, long, long, long, at::native::TensorAssign const&)::{lambda(int)#1}>(int, at::native::_cuda_scatter_gather_internal_kernel<false, at::native::OpaqueType<8>, long>::operator()<at::native::TensorAssign>(at::TensorIterator&, long, long, long, at::native::TensorAssign const&)::{lambda(int)#1})",6,27.296,<0.001%
null,aten::bmm,sm80_xmma_gemm_f32f32_f32f32_f32_nn_n_tilesize64x64x8_stage3_warpsize1x4x1_ffma_aligna4_alignc4_execute_kernel__5x_cublas,1,27.04,<0.001%
null,aten::_index_put_impl_,"void at_cuda_detail::cub::detail::radix_sort::DeviceRadixSortExclusiveSumKernel<at_cuda_detail::cub::detail::radix::policy_hub<long, at::cuda::cub::detail::OpaqueType<8>, unsigned long long>::Policy1000, unsigned long long>(unsigned long long*)",13,22.144,<0.001%
null,aten::bmm,void cutlass::Kernel2<cutlass_80_simt_sgemm_128x32_8x5_nn_align1>(cutlass_80_simt_sgemm_128x32_8x5_nn_align1::Params),1,21.728,<0.001%
null,aten::_foreach_add_,"void at::native::(anonymous namespace)::multi_tensor_apply_kernel<at::native::(anonymous namespace)::TensorListMetadata<1>, at::native::(anonymous namespace)::BinaryOpScalarFunctor<float, 1, 1, 0>, std::plus<float>, float>(at::native::(anonymous namespace)::TensorListMetadata<1>, at::native::(anonymous namespace)::BinaryOpScalarFunctor<float, 1, 1, 0>, std::plus<float>, float)",12,21.055,<0.001%
null,aten::cat,"void at::native::(anonymous namespace)::CatArrayBatchedCopy_alignedK_contig<at::native::(anonymous namespace)::OpaqueType<2u>, unsigned int, 1, 128, 1, 8>(at::native::(anonymous namespace)::OpaqueType<2u>*, at::native::(anonymous namespace)::CatArrInputTensorMetadata<at::native::(anonymous namespace)::OpaqueType<2u>, unsigned int, 128, 1>, at::native::(anonymous namespace)::TensorSizeStride<unsigned int, 4u>, int, unsigned int)",12,20.768,<0.001%
null,aten::pow,"void at::native::vectorized_elementwise_kernel<4, at::native::(anonymous namespace)::pow_tensor_scalar_kernel_impl<float, float>(at::TensorIteratorBase&, float)::{lambda(float)#2}, std::array<char*, 2ul> >(int, at::native::(anonymous namespace)::pow_tensor_scalar_kernel_impl<float, float>(at::TensorIteratorBase&, float)::{lambda(float)#2}, std::array<char*, 2ul>)",12,20.449,<0.001%
null,aten::copy_,"void at::native::unrolled_elementwise_kernel<at::native::direct_copy_kernel_cuda(at::TensorIteratorBase&)::{lambda()#3}::operator()() const::{lambda()#12}::operator()() const::{lambda(c10::BFloat16)#1}, std::array<char*, 2ul>, 4, TrivialOffsetCalculator<1, unsigned int>, TrivialOffsetCalculator<1, unsigned int>, at::native::memory::LoadWithCast<1>, at::native::memory::StoreWithCast<1> >(int, at::native::direct_copy_kernel_cuda(at::TensorIteratorBase&)::{lambda()#3}::operator()() const::{lambda()#12}::operator()() const::{lambda(c10::BFloat16)#1}, std::array<char*, 2ul>, TrivialOffsetCalculator<1, unsigned int>, TrivialOffsetCalculator<1, unsigned int>, at::native::memory::LoadWithCast<1>, at::native::memory::StoreWithCast<1>)",12,19.517,<0.001%
null,aten::fill_,"void at::native::vectorized_elementwise_kernel<4, at::native::FillFunctor<int>, std::array<char*, 1ul> >(int, at::native::FillFunctor<int>, std::array<char*, 1ul>)",18,18.657,<0.001%
null,aten::rsqrt,"void at::native::vectorized_elementwise_kernel<4, at::native::rsqrt_kernel_cuda(at::TensorIteratorBase&)::{lambda()#2}::operator()() const::{lambda()#2}::operator()() const::{lambda(float)#1}, std::array<char*, 2ul> >(int, at::native::rsqrt_kernel_cuda(at::TensorIteratorBase&)::{lambda()#2}::operator()() const::{lambda()#2}::operator()() const::{lambda(float)#1}, std::array<char*, 2ul>)",12,17.729,<0.001%
null,aten::lt,"void at::native::vectorized_elementwise_kernel<4, at::native::compare_scalar_kernel<long>(at::TensorIteratorBase&, at::native::(anonymous namespace)::OpType, long)::{lambda(long)#1}, std::array<char*, 2ul> >(int, at::native::compare_scalar_kernel<long>(at::TensorIteratorBase&, at::native::(anonymous namespace)::OpType, long)::{lambda(long)#1}, std::array<char*, 2ul>)",12,17.218,<0.001%
null,aten::fill_,"void at::native::vectorized_elementwise_kernel<2, at::native::FillFunctor<long>, std::array<char*, 1ul> >(int, at::native::FillFunctor<long>, std::array<char*, 1ul>)",13,14.946,<0.001%
null,aten::eq,"void at::native::vectorized_elementwise_kernel<4, at::native::AUnaryFunctor<float, float, bool, at::native::(anonymous namespace)::CompareEqFunctor<float> >, std::array<char*, 2ul> >(int, at::native::AUnaryFunctor<float, float, bool, at::native::(anonymous namespace)::CompareEqFunctor<float> >, std::array<char*, 2ul>)",9,13.214,<0.001%
null,aten::ne,"void at::native::vectorized_elementwise_kernel<4, at::native::BinaryFunctor<float, float, bool, at::native::(anonymous namespace)::CompareEqFunctor<float> >, std::array<char*, 3ul> >(int, at::native::BinaryFunctor<float, float, bool, at::native::(anonymous namespace)::CompareEqFunctor<float> >, std::array<char*, 3ul>)",9,12.288,<0.001%
null,aten::_foreach_norm,"void at::native::lpnorm_cleanup<c10::BFloat16, (at::native::NormType)1, c10::BFloat16, float>(float const*, at::native::TensorListAddresses, int)",6,12.191,<0.001%
null,aten::cumsum,"void at_cuda_detail::cub::detail::scan::DeviceScanKernel<at_cuda_detail::cub::detail::scan::policy_hub<int, int, int, unsigned int, std::plus<int> >::Policy1000, int const*, int*, at_cuda_detail::cub::ScanTileState<int, true>, std::plus<int>, at_cuda_detail::cub::NullType, unsigned int, int, false, at_cuda_detail::cub::NullType>(int const*, int*, at_cuda_detail::cub::ScanTileState<int, true>, int, std::plus<int>, at_cuda_detail::cub::NullType, unsigned int)",6,11.457,<0.001%
null,aten::cumsum,"void at_cuda_detail::cub::detail::scan::DeviceScanKernel<at_cuda_detail::cub::detail::scan::policy_hub<long, long, long, unsigned int, std::plus<long> >::Policy1000, long const*, long*, at_cuda_detail::cub::ScanTileState<long, true>, std::plus<long>, at_cuda_detail::cub::NullType, unsigned int, long, false, at_cuda_detail::cub::NullType>(long const*, long*, at_cuda_detail::cub::ScanTileState<long, true>, int, std::plus<long>, at_cuda_detail::cub::NullType, unsigned int)",6,10.688,<0.001%
null,aten::cat,"void at::native::(anonymous namespace)::CatArrayBatchedCopy_alignedK_contig<at::native::(anonymous namespace)::OpaqueType<8u>, unsigned int, 1, 128, 1, 16>(at::native::(anonymous namespace)::OpaqueType<8u>*, at::native::(anonymous namespace)::CatArrInputTensorMetadata<at::native::(anonymous namespace)::OpaqueType<8u>, unsigned int, 128, 1>, at::native::(anonymous namespace)::TensorSizeStride<unsigned int, 4u>, int, unsigned int)",6,10.144,<0.001%
null,aten::div,"void at::native::vectorized_elementwise_kernel<8, at::native::BUnaryFunctor<c10::BFloat16, c10::BFloat16, c10::BFloat16, at::native::binary_internal::MulFunctor<float> >, std::array<char*, 2ul> >(int, at::native::BUnaryFunctor<c10::BFloat16, c10::BFloat16, c10::BFloat16, at::native::binary_internal::MulFunctor<float> >, std::array<char*, 2ul>)",6,8.701,<0.001%
null,aten::linalg_vector_norm,"void at::native::reduce_kernel<512, 1, at::native::ReduceOp<c10::BFloat16, at::native::NormTwoOps<c10::BFloat16, float, c10::BFloat16>, unsigned int, c10::BFloat16, 4, 4> >(at::native::ReduceOp<c10::BFloat16, at::native::NormTwoOps<c10::BFloat16, float, c10::BFloat16>, unsigned int, c10::BFloat16, 4, 4>)",3,7.872,<0.001%
null,aten::sub,"void at::native::vectorized_elementwise_kernel<4, at::native::CUDAFunctorOnSelf_add<float>, std::array<char*, 2ul> >(int, at::native::CUDAFunctorOnSelf_add<float>, std::array<char*, 2ul>)",6,7.262,<0.001%
null,aten::addmm,"void gemv2T_kernel_val<int, int, float, float, float, float, 128, 16, 2, 2, false, false, cublasGemvParamsEx<int, cublasGemvTensorStridedBatched<float const>, cublasGemvTensorStridedBatched<float const>, cublasGemvTensorStridedBatched<float>, float> >(cublasGemvParamsEx<int, cublasGemvTensorStridedBatched<float const>, cublasGemvTensorStridedBatched<float const>, cublasGemvTensorStridedBatched<float>, float>, float, float)",2,6.496,<0.001%
null,aten::mean,"void at::native::reduce_kernel<256, 2, at::native::ReduceOp<float, at::native::MeanOps<float, float, float, float>, unsigned int, float, 4, 4> >(at::native::ReduceOp<float, at::native::MeanOps<float, float, float, float>, unsigned int, float, 4, 4>)",2,6.433,<0.001%
null,aten::cumsum,"void at_cuda_detail::cub::detail::scan::DeviceScanInitKernel<at_cuda_detail::cub::ScanTileState<int, true> >(at_cuda_detail::cub::ScanTileState<int, true>, int)",6,6.272,<0.001%
null,aten::cumsum,"void at_cuda_detail::cub::detail::scan::DeviceScanInitKernel<at_cuda_detail::cub::ScanTileState<long, true> >(at_cuda_detail::cub::ScanTileState<long, true>, int)",6,6.209,<0.001%
null,aten::mul,"void at::native::unrolled_elementwise_kernel<at::native::BinaryFunctor<float, float, float, at::native::binary_internal::MulFunctor<float> >, std::array<char*, 3ul>, 4, TrivialOffsetCalculator<2, unsigned int>, TrivialOffsetCalculator<1, unsigned int>, at::native::memory::LoadWithCast<2>, at::native::memory::StoreWithCast<1> >(int, at::native::BinaryFunctor<float, float, float, at::native::binary_internal::MulFunctor<float> >, std::array<char*, 3ul>, TrivialOffsetCalculator<2, unsigned int>, TrivialOffsetCalculator<1, unsigned int>, at::native::memory::LoadWithCast<2>, at::native::memory::StoreWithCast<1>)",3,5.63,<0.001%
null,aten::pow,"void at::native::vectorized_elementwise_kernel<8, at::native::sqrt_kernel_cuda(at::TensorIteratorBase&)::{lambda()#2}::operator()() const::{lambda()#4}::operator()() const::{lambda(c10::BFloat16)#1}, std::array<char*, 2ul> >(int, at::native::sqrt_kernel_cuda(at::TensorIteratorBase&)::{lambda()#2}::operator()() const::{lambda()#4}::operator()() const::{lambda(c10::BFloat16)#1}, std::array<char*, 2ul>)",3,5.185,<0.001%
null,aten::pow,"void at::native::vectorized_elementwise_kernel<8, at::native::(anonymous namespace)::pow_tensor_scalar_kernel_impl<c10::BFloat16, c10::BFloat16>(at::TensorIteratorBase&, c10::BFloat16)::{lambda(c10::BFloat16)#1}, std::array<char*, 2ul> >(int, at::native::(anonymous namespace)::pow_tensor_scalar_kernel_impl<c10::BFloat16, c10::BFloat16>(at::TensorIteratorBase&, c10::BFloat16)::{lambda(c10::BFloat16)#1}, std::array<char*, 2ul>)",3,4.865,<0.001%
null,aten::gt,"void at::native::unrolled_elementwise_kernel<at::native::(anonymous namespace)::CompareFunctor<long>, std::array<char*, 3ul>, 4, TrivialOffsetCalculator<2, unsigned int>, TrivialOffsetCalculator<1, unsigned int>, at::native::memory::LoadWithoutCast, at::native::memory::StoreWithoutCast>(int, at::native::(anonymous namespace)::CompareFunctor<long>, std::array<char*, 3ul>, TrivialOffsetCalculator<2, unsigned int>, TrivialOffsetCalculator<1, unsigned int>, at::native::memory::LoadWithoutCast, at::native::memory::StoreWithoutCast)",4,4.735,<0.001%
null,aten::reciprocal,"void at::native::vectorized_elementwise_kernel<8, at::native::reciprocal_kernel_cuda(at::TensorIteratorBase&)::{lambda()#1}::operator()() const::{lambda()#6}::operator()() const::{lambda(c10::BFloat16)#1}, std::array<char*, 2ul> >(int, at::native::reciprocal_kernel_cuda(at::TensorIteratorBase&)::{lambda()#1}::operator()() const::{lambda()#6}::operator()() const::{lambda(c10::BFloat16)#1}, std::array<char*, 2ul>)",3,4.544,<0.001%
null,aten::clamp,"void at::native::vectorized_elementwise_kernel<8, at::native::(anonymous namespace)::launch_clamp_scalar(at::TensorIteratorBase&, c10::Scalar, c10::Scalar, at::native::detail::ClampLimits)::{lambda()#1}::operator()() const::{lambda()#9}::operator()() const::{lambda(c10::BFloat16)#1}, std::array<char*, 2ul> >(int, at::native::(anonymous namespace)::launch_clamp_scalar(at::TensorIteratorBase&, c10::Scalar, c10::Scalar, at::native::detail::ClampLimits)::{lambda()#1}::operator()() const::{lambda()#9}::operator()() const::{lambda(c10::BFloat16)#1}, std::array<char*, 2ul>)",3,4.159,<0.001%
null,aten::add,"void at::native::vectorized_elementwise_kernel<8, at::native::CUDAFunctorOnSelf_add<c10::BFloat16>, std::array<char*, 2ul> >(int, at::native::CUDAFunctorOnSelf_add<c10::BFloat16>, std::array<char*, 2ul>)",3,4,<0.001%
null,aten::ne,"void at::native::vectorized_elementwise_kernel<4, at::native::AUnaryFunctor<c10::BFloat16, c10::BFloat16, bool, at::native::(anonymous namespace)::CompareEqFunctor<c10::BFloat16> >, std::array<char*, 2ul> >(int, at::native::AUnaryFunctor<c10::BFloat16, c10::BFloat16, bool, at::native::(anonymous namespace)::CompareEqFunctor<c10::BFloat16> >, std::array<char*, 2ul>)",3,3.935,<0.001%
null,aten::eq,"void at::native::vectorized_elementwise_kernel<4, at::native::BinaryFunctor<c10::BFloat16, c10::BFloat16, bool, at::native::(anonymous namespace)::CompareEqFunctor<c10::BFloat16> >, std::array<char*, 3ul> >(int, at::native::BinaryFunctor<c10::BFloat16, c10::BFloat16, bool, at::native::(anonymous namespace)::CompareEqFunctor<c10::BFloat16> >, std::array<char*, 3ul>)",3,3.904,<0.001%
null,aten::mul,"void at::native::vectorized_elementwise_kernel<8, at::native::AUnaryFunctor<c10::BFloat16, c10::BFloat16, c10::BFloat16, at::native::binary_internal::MulFunctor<float> >, std::array<char*, 2ul> >(int, at::native::AUnaryFunctor<c10::BFloat16, c10::BFloat16, c10::BFloat16, at::native::binary_internal::MulFunctor<float> >, std::array<char*, 2ul>)",3,3.808,<0.001%
null,aten::abs,"void at::native::vectorized_elementwise_kernel<8, at::native::AbsFunctor<c10::BFloat16>, std::array<char*, 2ul> >(int, at::native::AbsFunctor<c10::BFloat16>, std::array<char*, 2ul>)",3,3.713,<0.001%
null,aten::cat,"void at::native::(anonymous namespace)::CatArrayBatchedCopy_vectorized<at::native::(anonymous namespace)::OpaqueType<8u>, unsigned int, 1, 128, 1, 16, 2>(char*, at::native::(anonymous namespace)::CatArrInputTensorMetadata<at::native::(anonymous namespace)::OpaqueType<8u>, unsigned int, 128, 1>, at::native::(anonymous namespace)::TensorSizeStride<unsigned int, 4u>, int, unsigned int)",2,3.552,<0.001%
null,aten::gt,"void at::native::vectorized_elementwise_kernel<2, at::native::(anonymous namespace)::CompareFunctor<long>, std::array<char*, 3ul> >(int, at::native::(anonymous namespace)::CompareFunctor<long>, std::array<char*, 3ul>)",2,2.816,<0.001%
null,aten::gt,"void at::native::vectorized_elementwise_kernel<4, at::native::(anonymous namespace)::CompareFunctor<long>, std::array<char*, 3ul> >(int, at::native::(anonymous namespace)::CompareFunctor<long>, std::array<char*, 3ul>)",1,1.408,<0.001%
