operator_id,custom_operator,execution_operator,operator_kind,kernel_name
1,null,aten::_chunk_cat,aten,"void at::native::detail::chunk_cat_cuda_kernel<char, char>(char**, char*, long*, long*, long*, long*, long*, long*, long, long, long)"
2,null,aten::_foreach_add_,aten,"void at::native::(anonymous namespace)::multi_tensor_apply_kernel<at::native::(anonymous namespace)::TensorListMetadata<1>, at::native::(anonymous namespace)::BinaryOpScalarFunctor<float, 1, 1, 0>, std::plus<float>, float>(at::native::(anonymous namespace)::TensorListMetadata<1>, at::native::(anonymous namespace)::BinaryOpScalarFunctor<float, 1, 1, 0>, std::plus<float>, float)"
3,null,aten::_foreach_copy_,aten,"void at::native::(anonymous namespace)::multi_tensor_apply_kernel<at::native::(anonymous namespace)::TensorListMetadata<2>, at::native::(anonymous namespace)::UnaryOpFunctor<c10::BFloat16, 2, 1, 1>, at::native::Copy<c10::BFloat16, c10::BFloat16> >(at::native::(anonymous namespace)::TensorListMetadata<2>, at::native::(anonymous namespace)::UnaryOpFunctor<c10::BFloat16, 2, 1, 1>, at::native::Copy<c10::BFloat16, c10::BFloat16>)"
4,null,aten::_foreach_mul_,aten,"void at::native::(anonymous namespace)::multi_tensor_apply_kernel<at::native::(anonymous namespace)::TensorListMetadata<1>, at::native::(anonymous namespace)::BinaryOpScalarTensorFunctor<c10::BFloat16, 1, 1, 0>, std::multiplies<float>, c10::BFloat16*, float>(at::native::(anonymous namespace)::TensorListMetadata<1>, at::native::(anonymous namespace)::BinaryOpScalarTensorFunctor<c10::BFloat16, 1, 1, 0>, std::multiplies<float>, c10::BFloat16*, float)"
5,null,aten::_foreach_norm,aten,"void at::native::(anonymous namespace)::multi_tensor_apply_kernel<at::native::(anonymous namespace)::TensorListMetadata<1>, at::native::LpNormFunctor<c10::BFloat16, (at::native::NormType)1, c10::BFloat16, 1, 1, 0>, float*, int>(at::native::(anonymous namespace)::TensorListMetadata<1>, at::native::LpNormFunctor<c10::BFloat16, (at::native::NormType)1, c10::BFloat16, 1, 1, 0>, float*, int)"
5,null,aten::_foreach_norm,aten,"void at::native::lpnorm_cleanup<c10::BFloat16, (at::native::NormType)1, c10::BFloat16, float>(float const*, at::native::TensorListAddresses, int)"
6,null,aten::_fused_adamw_,aten,"void at::native::(anonymous namespace)::multi_tensor_apply_kernel<at::native::(anonymous namespace)::FusedOptimizerTensorListMetadata<4>, at::native::(anonymous namespace)::FusedAdamMathFunctor<c10::BFloat16, 4, (at::native::ADAM_MODE)1, false>, float const*, double, double, double, double, double, bool, float const*, float const*>(at::native::(anonymous namespace)::FusedOptimizerTensorListMetadata<4>, at::native::(anonymous namespace)::FusedAdamMathFunctor<c10::BFloat16, 4, (at::native::ADAM_MODE)1, false>, float const*, double, double, double, double, double, bool, float const*, float const*)"
7,null,aten::_index_put_impl_,aten,"void (anonymous namespace)::indexing_backward_kernel<c10::BFloat16, 4>(long const*, long const*, c10::BFloat16 const*, c10::BFloat16*, long, long, long, long, bool)"
7,null,aten::_index_put_impl_,aten,"void at::native::index_elementwise_kernel<128, 4, at::native::gpu_index_kernel<at::native::index_put_kernel_impl<at::native::OpaqueType<2> >(at::TensorIterator&, c10::ArrayRef<long>, c10::ArrayRef<long>)::{lambda(char*, char const*, long)#1}>(at::TensorIteratorBase&, c10::ArrayRef<long>, c10::ArrayRef<long>, at::native::index_put_kernel_impl<at::native::OpaqueType<2> >(at::TensorIterator&, c10::ArrayRef<long>, c10::ArrayRef<long>)::{lambda(char*, char const*, long)#1} const&, bool)::{lambda(int)#1}>(long, at::native::gpu_index_kernel<at::native::index_put_kernel_impl<at::native::OpaqueType<2> >(at::TensorIterator&, c10::ArrayRef<long>, c10::ArrayRef<long>)::{lambda(char*, char const*, long)#1}>(at::TensorIteratorBase&, c10::ArrayRef<long>, c10::ArrayRef<long>, at::native::index_put_kernel_impl<at::native::OpaqueType<2> >(at::TensorIterator&, c10::ArrayRef<long>, c10::ArrayRef<long>)::{lambda(char*, char const*, long)#1} const&, bool)::{lambda(int)#1})"
7,null,aten::_index_put_impl_,aten,"void at_cuda_detail::cub::detail::radix_sort::DeviceRadixSortExclusiveSumKernel<at_cuda_detail::cub::detail::radix::policy_hub<long, at::cuda::cub::detail::OpaqueType<8>, unsigned long long>::Policy1000, unsigned long long>(unsigned long long*)"
7,null,aten::_index_put_impl_,aten,"void at_cuda_detail::cub::detail::radix_sort::DeviceRadixSortHistogramKernel<at_cuda_detail::cub::detail::radix::policy_hub<long, at::cuda::cub::detail::OpaqueType<8>, unsigned long long>::Policy1000, (at_cuda_detail::cub::SortOrder)0, long, unsigned long long, at_cuda_detail::cub::detail::identity_decomposer_t>(unsigned long long*, long const*, unsigned long long, int, int, at_cuda_detail::cub::detail::identity_decomposer_t)"
7,null,aten::_index_put_impl_,aten,"void at_cuda_detail::cub::detail::radix_sort::DeviceRadixSortOnesweepKernel<at_cuda_detail::cub::detail::radix::policy_hub<long, at::cuda::cub::detail::OpaqueType<8>, unsigned long long>::Policy1000, (at_cuda_detail::cub::SortOrder)0, long, at::cuda::cub::detail::OpaqueType<8>, unsigned long long, int, int, at_cuda_detail::cub::detail::identity_decomposer_t>(int*, int*, unsigned long long*, unsigned long long const*, long*, long const*, at::cuda::cub::detail::OpaqueType<8>*, at::cuda::cub::detail::OpaqueType<8> const*, int, int, int, at_cuda_detail::cub::detail::identity_decomposer_t)"
7,null,aten::_index_put_impl_,aten,"void at_cuda_detail::cub::detail::radix_sort::DeviceRadixSortSingleTileKernel<at_cuda_detail::cub::detail::radix::policy_hub<long, at::cuda::cub::detail::OpaqueType<8>, unsigned long long>::Policy1000, (at_cuda_detail::cub::SortOrder)0, long, at::cuda::cub::detail::OpaqueType<8>, unsigned long long, at_cuda_detail::cub::detail::identity_decomposer_t>(long const*, long*, at::cuda::cub::detail::OpaqueType<8> const*, at::cuda::cub::detail::OpaqueType<8>*, unsigned long long, int, int, at_cuda_detail::cub::detail::identity_decomposer_t)"
8,null,aten::abs,aten,"void at::native::vectorized_elementwise_kernel<4, at::native::AbsFunctor<float>, std::array<char*, 2ul> >(int, at::native::AbsFunctor<float>, std::array<char*, 2ul>)"
8,null,aten::abs,aten,"void at::native::vectorized_elementwise_kernel<8, at::native::AbsFunctor<c10::BFloat16>, std::array<char*, 2ul> >(int, at::native::AbsFunctor<c10::BFloat16>, std::array<char*, 2ul>)"
9,null,aten::add,aten,"void at::native::elementwise_kernel<128, 2, at::native::gpu_kernel_impl_nocast<at::native::CUDAFunctor_add<long> >(at::TensorIteratorBase&, at::native::CUDAFunctor_add<long> const&)::{lambda(int)#1}>(int, at::native::gpu_kernel_impl_nocast<at::native::CUDAFunctor_add<long> >(at::TensorIteratorBase&, at::native::CUDAFunctor_add<long> const&)::{lambda(int)#1})"
9,null,aten::add,aten,"void at::native::vectorized_elementwise_kernel<2, at::native::CUDAFunctorOnSelf_add<long>, std::array<char*, 2ul> >(int, at::native::CUDAFunctorOnSelf_add<long>, std::array<char*, 2ul>)"
9,null,aten::add,aten,"void at::native::vectorized_elementwise_kernel<4, at::native::CUDAFunctorOnSelf_add<float>, std::array<char*, 2ul> >(int, at::native::CUDAFunctorOnSelf_add<float>, std::array<char*, 2ul>)"
9,null,aten::add,aten,"void at::native::vectorized_elementwise_kernel<4, at::native::CUDAFunctor_add<float>, std::array<char*, 3ul> >(int, at::native::CUDAFunctor_add<float>, std::array<char*, 3ul>)"
9,null,aten::add,aten,"void at::native::vectorized_elementwise_kernel<8, at::native::CUDAFunctorOnSelf_add<c10::BFloat16>, std::array<char*, 2ul> >(int, at::native::CUDAFunctorOnSelf_add<c10::BFloat16>, std::array<char*, 2ul>)"
10,null,aten::add_,aten,"void at::native::vectorized_elementwise_kernel<4, at::native::CUDAFunctor_add<float>, std::array<char*, 3ul> >(int, at::native::CUDAFunctor_add<float>, std::array<char*, 3ul>)"
10,null,aten::add_,aten,"void at::native::vectorized_elementwise_kernel<8, at::native::CUDAFunctor_add<c10::BFloat16>, std::array<char*, 3ul> >(int, at::native::CUDAFunctor_add<c10::BFloat16>, std::array<char*, 3ul>)"
11,null,aten::addmm,aten,nvjet_sm90_tst_192x144_64x5_1x2_h_bz_coopB_bias_TNT
11,null,aten::addmm,aten,nvjet_sm90_tst_192x160_64x4_1x2_h_bz_coopB_bias_TNT
11,null,aten::addmm,aten,nvjet_sm90_tst_192x176_64x4_1x2_h_bz_coopB_bias_TNT
11,null,aten::addmm,aten,nvjet_sm90_tst_192x192_64x4_1x2_h_bz_coopB_bias_TNN
11,null,aten::addmm,aten,nvjet_sm90_tst_256x144_64x4_1x2_h_bz_coopA_bias_TNT
11,null,aten::addmm,aten,nvjet_sm90_tst_256x152_64x4_1x2_h_bz_coopA_bias_TNT
11,null,aten::addmm,aten,sm80_xmma_gemm_f32f32_f32f32_f32_tn_n_tilesize128x128x8_stage3_warpsize2x2x1_ffma_aligna4_alignc4_execute_kernel__5x_cublas
11,null,aten::addmm,aten,"void gemv2T_kernel_val<int, int, float, float, float, float, 128, 16, 2, 2, false, false, cublasGemvParamsEx<int, cublasGemvTensorStridedBatched<float const>, cublasGemvTensorStridedBatched<float const>, cublasGemvTensorStridedBatched<float>, float> >(cublasGemvParamsEx<int, cublasGemvTensorStridedBatched<float const>, cublasGemvTensorStridedBatched<float const>, cublasGemvTensorStridedBatched<float>, float>, float, float)"
11,null,aten::addmm,aten,"void gemv2T_kernel_val<int, int, float, float, float, float, 128, 16, 4, 4, false, false, cublasGemvParamsEx<int, cublasGemvTensorStridedBatched<float const>, cublasGemvTensorStridedBatched<float const>, cublasGemvTensorStridedBatched<float>, float> >(cublasGemvParamsEx<int, cublasGemvTensorStridedBatched<float const>, cublasGemvTensorStridedBatched<float const>, cublasGemvTensorStridedBatched<float>, float>, float, float)"
12,null,aten::arange,aten,"void (anonymous namespace)::elementwise_kernel_with_index<int, at::native::arange_cuda_out(c10::Scalar const&, c10::Scalar const&, c10::Scalar const&, at::Tensor&)::{lambda()#1}::operator()() const::{lambda()#4}::operator()() const::{lambda(long)#1}>(int, at::native::arange_cuda_out(c10::Scalar const&, c10::Scalar const&, c10::Scalar const&, at::Tensor&)::{lambda()#1}::operator()() const::{lambda()#4}::operator()() const::{lambda(long)#1}, function_traits<at::native::arange_cuda_out(c10::Scalar const&, c10::Scalar const&, c10::Scalar const&, at::Tensor&)::{lambda()#1}::operator()() const::{lambda()#4}::operator()() const::{lambda(long)#1}>::result_type*)"
13,null,aten::bmm,aten,sm80_xmma_gemm_f32f32_f32f32_f32_nn_n_tilesize64x128x8_stage3_warpsize1x4x1_ffma_aligna4_alignc4_execute_kernel__5x_cublas
13,null,aten::bmm,aten,sm80_xmma_gemm_f32f32_f32f32_f32_nn_n_tilesize64x64x8_stage3_warpsize1x4x1_ffma_aligna4_alignc4_execute_kernel__5x_cublas
13,null,aten::bmm,aten,void cutlass::Kernel2<cutlass_80_simt_sgemm_128x32_8x5_nn_align1>(cutlass_80_simt_sgemm_128x32_8x5_nn_align1::Params)
14,null,aten::cat,aten,"void at::native::(anonymous namespace)::CatArrayBatchedCopy<at::native::(anonymous namespace)::OpaqueType<4u>, unsigned int, 3, 64, 64>(at::native::(anonymous namespace)::OpaqueType<4u>*, at::native::(anonymous namespace)::CatArrInputTensorMetadata<at::native::(anonymous namespace)::OpaqueType<4u>, unsigned int, 64, 64>, at::native::(anonymous namespace)::TensorSizeStride<unsigned int, 4u>, int, unsigned int)"
14,null,aten::cat,aten,"void at::native::(anonymous namespace)::CatArrayBatchedCopy_alignedK_contig<at::native::(anonymous namespace)::OpaqueType<2u>, unsigned int, 1, 128, 1, 8>(at::native::(anonymous namespace)::OpaqueType<2u>*, at::native::(anonymous namespace)::CatArrInputTensorMetadata<at::native::(anonymous namespace)::OpaqueType<2u>, unsigned int, 128, 1>, at::native::(anonymous namespace)::TensorSizeStride<unsigned int, 4u>, int, unsigned int)"
14,null,aten::cat,aten,"void at::native::(anonymous namespace)::CatArrayBatchedCopy_alignedK_contig<at::native::(anonymous namespace)::OpaqueType<4u>, unsigned int, 1, 128, 1, 16>(at::native::(anonymous namespace)::OpaqueType<4u>*, at::native::(anonymous namespace)::CatArrInputTensorMetadata<at::native::(anonymous namespace)::OpaqueType<4u>, unsigned int, 128, 1>, at::native::(anonymous namespace)::TensorSizeStride<unsigned int, 4u>, int, unsigned int)"
14,null,aten::cat,aten,"void at::native::(anonymous namespace)::CatArrayBatchedCopy_alignedK_contig<at::native::(anonymous namespace)::OpaqueType<8u>, unsigned int, 1, 128, 1, 16>(at::native::(anonymous namespace)::OpaqueType<8u>*, at::native::(anonymous namespace)::CatArrInputTensorMetadata<at::native::(anonymous namespace)::OpaqueType<8u>, unsigned int, 128, 1>, at::native::(anonymous namespace)::TensorSizeStride<unsigned int, 4u>, int, unsigned int)"
14,null,aten::cat,aten,"void at::native::(anonymous namespace)::CatArrayBatchedCopy_vectorized<at::native::(anonymous namespace)::OpaqueType<2u>, unsigned int, 1, 128, 1, 16, 8>(char*, at::native::(anonymous namespace)::CatArrInputTensorMetadata<at::native::(anonymous namespace)::OpaqueType<2u>, unsigned int, 128, 1>, at::native::(anonymous namespace)::TensorSizeStride<unsigned int, 4u>, int, unsigned int)"
14,null,aten::cat,aten,"void at::native::(anonymous namespace)::CatArrayBatchedCopy_vectorized<at::native::(anonymous namespace)::OpaqueType<4u>, unsigned int, 2, 128, 1, 16, 4>(char*, at::native::(anonymous namespace)::CatArrInputTensorMetadata<at::native::(anonymous namespace)::OpaqueType<4u>, unsigned int, 128, 1>, at::native::(anonymous namespace)::TensorSizeStride<unsigned int, 4u>, int, unsigned int)"
14,null,aten::cat,aten,"void at::native::(anonymous namespace)::CatArrayBatchedCopy_vectorized<at::native::(anonymous namespace)::OpaqueType<8u>, unsigned int, 1, 128, 1, 16, 2>(char*, at::native::(anonymous namespace)::CatArrInputTensorMetadata<at::native::(anonymous namespace)::OpaqueType<8u>, unsigned int, 128, 1>, at::native::(anonymous namespace)::TensorSizeStride<unsigned int, 4u>, int, unsigned int)"
15,null,aten::clamp,aten,"void at::native::vectorized_elementwise_kernel<8, at::native::(anonymous namespace)::launch_clamp_scalar(at::TensorIteratorBase&, c10::Scalar, c10::Scalar, at::native::detail::ClampLimits)::{lambda()#1}::operator()() const::{lambda()#9}::operator()() const::{lambda(c10::BFloat16)#1}, std::array<char*, 2ul> >(int, at::native::(anonymous namespace)::launch_clamp_scalar(at::TensorIteratorBase&, c10::Scalar, c10::Scalar, at::native::detail::ClampLimits)::{lambda()#1}::operator()() const::{lambda()#9}::operator()() const::{lambda(c10::BFloat16)#1}, std::array<char*, 2ul>)"
16,null,aten::copy_,aten,"void at::native::elementwise_kernel<128, 2, at::native::gpu_kernel_impl_nocast<at::native::direct_copy_kernel_cuda(at::TensorIteratorBase&)::{lambda()#3}::operator()() const::{lambda()#4}::operator()() const::{lambda(long)#1}>(at::TensorIteratorBase&, at::native::direct_copy_kernel_cuda(at::TensorIteratorBase&)::{lambda()#3}::operator()() const::{lambda()#4}::operator()() const::{lambda(long)#1} const&)::{lambda(int)#1}>(int, at::native::gpu_kernel_impl_nocast<at::native::direct_copy_kernel_cuda(at::TensorIteratorBase&)::{lambda()#3}::operator()() const::{lambda()#4}::operator()() const::{lambda(long)#1}>(at::TensorIteratorBase&, at::native::direct_copy_kernel_cuda(at::TensorIteratorBase&)::{lambda()#3}::operator()() const::{lambda()#4}::operator()() const::{lambda(long)#1} const&)::{lambda(int)#1})"
16,null,aten::copy_,aten,"void at::native::elementwise_kernel<128, 2, at::native::gpu_kernel_impl_nocast<at::native::direct_copy_kernel_cuda(at::TensorIteratorBase&)::{lambda()#3}::operator()() const::{lambda()#7}::operator()() const::{lambda(float)#1}>(at::TensorIteratorBase&, at::native::direct_copy_kernel_cuda(at::TensorIteratorBase&)::{lambda()#3}::operator()() const::{lambda()#7}::operator()() const::{lambda(float)#1} const&)::{lambda(int)#1}>(int, at::native::gpu_kernel_impl_nocast<at::native::direct_copy_kernel_cuda(at::TensorIteratorBase&)::{lambda()#3}::operator()() const::{lambda()#7}::operator()() const::{lambda(float)#1}>(at::TensorIteratorBase&, at::native::direct_copy_kernel_cuda(at::TensorIteratorBase&)::{lambda()#3}::operator()() const::{lambda()#7}::operator()() const::{lambda(float)#1} const&)::{lambda(int)#1})"
16,null,aten::copy_,aten,"void at::native::elementwise_kernel<128, 4, at::native::gpu_kernel_impl_nocast<at::native::direct_copy_kernel_cuda(at::TensorIteratorBase&)::{lambda()#3}::operator()() const::{lambda()#12}::operator()() const::{lambda(c10::BFloat16)#1}>(at::TensorIteratorBase&, at::native::direct_copy_kernel_cuda(at::TensorIteratorBase&)::{lambda()#3}::operator()() const::{lambda()#12}::operator()() const::{lambda(c10::BFloat16)#1} const&)::{lambda(int)#1}>(int, at::native::gpu_kernel_impl_nocast<at::native::direct_copy_kernel_cuda(at::TensorIteratorBase&)::{lambda()#3}::operator()() const::{lambda()#12}::operator()() const::{lambda(c10::BFloat16)#1}>(at::TensorIteratorBase&, at::native::direct_copy_kernel_cuda(at::TensorIteratorBase&)::{lambda()#3}::operator()() const::{lambda()#12}::operator()() const::{lambda(c10::BFloat16)#1} const&)::{lambda(int)#1})"
16,null,aten::copy_,aten,"void at::native::unrolled_elementwise_kernel<at::native::direct_copy_kernel_cuda(at::TensorIteratorBase&)::{lambda()#3}::operator()() const::{lambda()#12}::operator()() const::{lambda(c10::BFloat16)#1}, std::array<char*, 2ul>, 4, TrivialOffsetCalculator<1, unsigned int>, TrivialOffsetCalculator<1, unsigned int>, at::native::memory::LoadWithCast<1>, at::native::memory::StoreWithCast<1> >(int, at::native::direct_copy_kernel_cuda(at::TensorIteratorBase&)::{lambda()#3}::operator()() const::{lambda()#12}::operator()() const::{lambda(c10::BFloat16)#1}, std::array<char*, 2ul>, TrivialOffsetCalculator<1, unsigned int>, TrivialOffsetCalculator<1, unsigned int>, at::native::memory::LoadWithCast<1>, at::native::memory::StoreWithCast<1>)"
16,null,aten::copy_,aten,"void at::native::unrolled_elementwise_kernel<at::native::direct_copy_kernel_cuda(at::TensorIteratorBase&)::{lambda()#3}::operator()() const::{lambda()#4}::operator()() const::{lambda(long)#1}, std::array<char*, 2ul>, 4, TrivialOffsetCalculator<1, unsigned int>, TrivialOffsetCalculator<1, unsigned int>, at::native::memory::LoadWithCast<1>, at::native::memory::StoreWithCast<1> >(int, at::native::direct_copy_kernel_cuda(at::TensorIteratorBase&)::{lambda()#3}::operator()() const::{lambda()#4}::operator()() const::{lambda(long)#1}, std::array<char*, 2ul>, TrivialOffsetCalculator<1, unsigned int>, TrivialOffsetCalculator<1, unsigned int>, at::native::memory::LoadWithCast<1>, at::native::memory::StoreWithCast<1>)"
16,null,aten::copy_,aten,"void at::native::unrolled_elementwise_kernel<at::native::direct_copy_kernel_cuda(at::TensorIteratorBase&)::{lambda()#3}::operator()() const::{lambda()#7}::operator()() const::{lambda(float)#1}, std::array<char*, 2ul>, 4, TrivialOffsetCalculator<1, unsigned int>, TrivialOffsetCalculator<1, unsigned int>, at::native::memory::LoadWithCast<1>, at::native::memory::StoreWithCast<1> >(int, at::native::direct_copy_kernel_cuda(at::TensorIteratorBase&)::{lambda()#3}::operator()() const::{lambda()#7}::operator()() const::{lambda(float)#1}, std::array<char*, 2ul>, TrivialOffsetCalculator<1, unsigned int>, TrivialOffsetCalculator<1, unsigned int>, at::native::memory::LoadWithCast<1>, at::native::memory::StoreWithCast<1>)"
16,null,aten::copy_,aten,"void at::native::vectorized_elementwise_kernel<8, at::native::bfloat16_copy_kernel_cuda(at::TensorIteratorBase&)::{lambda(float)#1}, std::array<char*, 2ul> >(int, at::native::bfloat16_copy_kernel_cuda(at::TensorIteratorBase&)::{lambda(float)#1}, std::array<char*, 2ul>)"
17,null,aten::cos,aten,"void at::native::vectorized_elementwise_kernel<4, at::native::cos_kernel_cuda(at::TensorIteratorBase&)::{lambda()#2}::operator()() const::{lambda()#2}::operator()() const::{lambda(float)#1}, std::array<char*, 2ul> >(int, at::native::cos_kernel_cuda(at::TensorIteratorBase&)::{lambda()#2}::operator()() const::{lambda()#2}::operator()() const::{lambda(float)#1}, std::array<char*, 2ul>)"
18,null,aten::cumsum,aten,"void at_cuda_detail::cub::detail::scan::DeviceScanInitKernel<at_cuda_detail::cub::ScanTileState<int, true> >(at_cuda_detail::cub::ScanTileState<int, true>, int)"
18,null,aten::cumsum,aten,"void at_cuda_detail::cub::detail::scan::DeviceScanInitKernel<at_cuda_detail::cub::ScanTileState<long, true> >(at_cuda_detail::cub::ScanTileState<long, true>, int)"
18,null,aten::cumsum,aten,"void at_cuda_detail::cub::detail::scan::DeviceScanKernel<at_cuda_detail::cub::detail::scan::policy_hub<int, int, int, unsigned int, std::plus<int> >::Policy1000, int const*, int*, at_cuda_detail::cub::ScanTileState<int, true>, std::plus<int>, at_cuda_detail::cub::NullType, unsigned int, int, false, at_cuda_detail::cub::NullType>(int const*, int*, at_cuda_detail::cub::ScanTileState<int, true>, int, std::plus<int>, at_cuda_detail::cub::NullType, unsigned int)"
18,null,aten::cumsum,aten,"void at_cuda_detail::cub::detail::scan::DeviceScanKernel<at_cuda_detail::cub::detail::scan::policy_hub<long, long, long, unsigned int, std::plus<long> >::Policy1000, long const*, long*, at_cuda_detail::cub::ScanTileState<long, true>, std::plus<long>, at_cuda_detail::cub::NullType, unsigned int, long, false, at_cuda_detail::cub::NullType>(long const*, long*, at_cuda_detail::cub::ScanTileState<long, true>, int, std::plus<long>, at_cuda_detail::cub::NullType, unsigned int)"
19,null,aten::div,aten,"void at::native::elementwise_kernel<128, 2, at::native::gpu_kernel_impl_nocast<at::native::BUnaryFunctor<float, float, float, at::native::binary_internal::MulFunctor<float> > >(at::TensorIteratorBase&, at::native::BUnaryFunctor<float, float, float, at::native::binary_internal::MulFunctor<float> > const&)::{lambda(int)#1}>(int, at::native::gpu_kernel_impl_nocast<at::native::BUnaryFunctor<float, float, float, at::native::binary_internal::MulFunctor<float> > >(at::TensorIteratorBase&, at::native::BUnaryFunctor<float, float, float, at::native::binary_internal::MulFunctor<float> > const&)::{lambda(int)#1})"
19,null,aten::div,aten,"void at::native::vectorized_elementwise_kernel<4, at::native::BUnaryFunctor<float, float, float, at::native::binary_internal::MulFunctor<float> >, std::array<char*, 2ul> >(int, at::native::BUnaryFunctor<float, float, float, at::native::binary_internal::MulFunctor<float> >, std::array<char*, 2ul>)"
19,null,aten::div,aten,"void at::native::vectorized_elementwise_kernel<4, at::native::BinaryFunctor<float, float, float, at::native::binary_internal::DivFunctor<float> >, std::array<char*, 3ul> >(int, at::native::BinaryFunctor<float, float, float, at::native::binary_internal::DivFunctor<float> >, std::array<char*, 3ul>)"
19,null,aten::div,aten,"void at::native::vectorized_elementwise_kernel<8, at::native::BUnaryFunctor<c10::BFloat16, c10::BFloat16, c10::BFloat16, at::native::binary_internal::MulFunctor<float> >, std::array<char*, 2ul> >(int, at::native::BUnaryFunctor<c10::BFloat16, c10::BFloat16, c10::BFloat16, at::native::binary_internal::MulFunctor<float> >, std::array<char*, 2ul>)"
20,null,aten::div_,aten,"void at::native::vectorized_elementwise_kernel<2, at::native::BUnaryFunctor<long, long, long, at::native::binary_internal::div_trunc_kernel_cuda(at::TensorIteratorBase&)::{lambda()#1}::operator()() const::{lambda()#4}::operator()() const::{lambda(long, long)#1}>, std::array<char*, 2ul> >(int, at::native::BUnaryFunctor<long, long, long, at::native::binary_internal::div_trunc_kernel_cuda(at::TensorIteratorBase&)::{lambda()#1}::operator()() const::{lambda()#4}::operator()() const::{lambda(long, long)#1}>, std::array<char*, 2ul>)"
21,null,aten::eq,aten,"void at::native::vectorized_elementwise_kernel<4, at::native::AUnaryFunctor<float, float, bool, at::native::(anonymous namespace)::CompareEqFunctor<float> >, std::array<char*, 2ul> >(int, at::native::AUnaryFunctor<float, float, bool, at::native::(anonymous namespace)::CompareEqFunctor<float> >, std::array<char*, 2ul>)"
21,null,aten::eq,aten,"void at::native::vectorized_elementwise_kernel<4, at::native::BinaryFunctor<c10::BFloat16, c10::BFloat16, bool, at::native::(anonymous namespace)::CompareEqFunctor<c10::BFloat16> >, std::array<char*, 3ul> >(int, at::native::BinaryFunctor<c10::BFloat16, c10::BFloat16, bool, at::native::(anonymous namespace)::CompareEqFunctor<c10::BFloat16> >, std::array<char*, 3ul>)"
21,null,aten::eq,aten,"void at::native::vectorized_elementwise_kernel<4, at::native::BinaryFunctor<float, float, bool, at::native::(anonymous namespace)::CompareEqFunctor<float> >, std::array<char*, 3ul> >(int, at::native::BinaryFunctor<float, float, bool, at::native::(anonymous namespace)::CompareEqFunctor<float> >, std::array<char*, 3ul>)"
22,null,aten::fill_,aten,"void at::native::vectorized_elementwise_kernel<2, at::native::FillFunctor<long>, std::array<char*, 1ul> >(int, at::native::FillFunctor<long>, std::array<char*, 1ul>)"
22,null,aten::fill_,aten,"void at::native::vectorized_elementwise_kernel<4, at::native::FillFunctor<float>, std::array<char*, 1ul> >(int, at::native::FillFunctor<float>, std::array<char*, 1ul>)"
22,null,aten::fill_,aten,"void at::native::vectorized_elementwise_kernel<4, at::native::FillFunctor<int>, std::array<char*, 1ul> >(int, at::native::FillFunctor<int>, std::array<char*, 1ul>)"
22,null,aten::fill_,aten,"void at::native::vectorized_elementwise_kernel<8, at::native::FillFunctor<c10::BFloat16>, std::array<char*, 1ul> >(int, at::native::FillFunctor<c10::BFloat16>, std::array<char*, 1ul>)"
23,null,aten::gather,aten,"void at::native::_scatter_gather_elementwise_kernel<128, 8, at::native::_cuda_scatter_gather_internal_kernel<false, at::native::OpaqueType<8>, long>::operator()<at::native::TensorAssign>(at::TensorIterator&, long, long, long, at::native::TensorAssign const&)::{lambda(int)#1}>(int, at::native::_cuda_scatter_gather_internal_kernel<false, at::native::OpaqueType<8>, long>::operator()<at::native::TensorAssign>(at::TensorIterator&, long, long, long, at::native::TensorAssign const&)::{lambda(int)#1})"
23,null,aten::gather,aten,"void at::native::vectorized_gather_kernel<16, long>(char*, char*, long*, int, long, long, long, long, bool)"
24,null,aten::gt,aten,"void at::native::unrolled_elementwise_kernel<at::native::(anonymous namespace)::CompareFunctor<long>, std::array<char*, 3ul>, 4, TrivialOffsetCalculator<2, unsigned int>, TrivialOffsetCalculator<1, unsigned int>, at::native::memory::LoadWithoutCast, at::native::memory::StoreWithoutCast>(int, at::native::(anonymous namespace)::CompareFunctor<long>, std::array<char*, 3ul>, TrivialOffsetCalculator<2, unsigned int>, TrivialOffsetCalculator<1, unsigned int>, at::native::memory::LoadWithoutCast, at::native::memory::StoreWithoutCast)"
24,null,aten::gt,aten,"void at::native::vectorized_elementwise_kernel<2, at::native::(anonymous namespace)::CompareFunctor<long>, std::array<char*, 3ul> >(int, at::native::(anonymous namespace)::CompareFunctor<long>, std::array<char*, 3ul>)"
24,null,aten::gt,aten,"void at::native::vectorized_elementwise_kernel<4, at::native::(anonymous namespace)::CompareFunctor<long>, std::array<char*, 3ul> >(int, at::native::(anonymous namespace)::CompareFunctor<long>, std::array<char*, 3ul>)"
25,null,aten::index,aten,"void at::native::index_elementwise_kernel<128, 4, at::native::gpu_index_kernel<at::native::index_kernel_impl<at::native::OpaqueType<2> >(at::TensorIteratorBase&, c10::ArrayRef<long>, c10::ArrayRef<long>)::{lambda(char*, char const*, long)#1}>(at::TensorIteratorBase&, c10::ArrayRef<long>, c10::ArrayRef<long>, at::native::index_kernel_impl<at::native::OpaqueType<2> >(at::TensorIteratorBase&, c10::ArrayRef<long>, c10::ArrayRef<long>)::{lambda(char*, char const*, long)#1} const&, bool)::{lambda(int)#1}>(long, at::native::gpu_index_kernel<at::native::index_kernel_impl<at::native::OpaqueType<2> >(at::TensorIteratorBase&, c10::ArrayRef<long>, c10::ArrayRef<long>)::{lambda(char*, char const*, long)#1}>(at::TensorIteratorBase&, c10::ArrayRef<long>, c10::ArrayRef<long>, at::native::index_kernel_impl<at::native::OpaqueType<2> >(at::TensorIteratorBase&, c10::ArrayRef<long>, c10::ArrayRef<long>)::{lambda(char*, char const*, long)#1} const&, bool)::{lambda(int)#1})"
25,null,aten::index,aten,"void at::native::index_elementwise_kernel<128, 4, at::native::gpu_index_kernel<at::native::index_kernel_impl<at::native::OpaqueType<8> >(at::TensorIteratorBase&, c10::ArrayRef<long>, c10::ArrayRef<long>)::{lambda(char*, char const*, long)#1}>(at::TensorIteratorBase&, c10::ArrayRef<long>, c10::ArrayRef<long>, at::native::index_kernel_impl<at::native::OpaqueType<8> >(at::TensorIteratorBase&, c10::ArrayRef<long>, c10::ArrayRef<long>)::{lambda(char*, char const*, long)#1} const&, bool)::{lambda(int)#1}>(long, at::native::gpu_index_kernel<at::native::index_kernel_impl<at::native::OpaqueType<8> >(at::TensorIteratorBase&, c10::ArrayRef<long>, c10::ArrayRef<long>)::{lambda(char*, char const*, long)#1}>(at::TensorIteratorBase&, c10::ArrayRef<long>, c10::ArrayRef<long>, at::native::index_kernel_impl<at::native::OpaqueType<8> >(at::TensorIteratorBase&, c10::ArrayRef<long>, c10::ArrayRef<long>)::{lambda(char*, char const*, long)#1} const&, bool)::{lambda(int)#1})"
25,null,aten::index,aten,"void at::native::vectorized_gather_kernel<16, long>(char*, char*, long*, int, long, long, long, long, bool)"
26,null,aten::linalg_vector_norm,aten,"void at::native::reduce_kernel<512, 1, at::native::ReduceOp<c10::BFloat16, at::native::NormTwoOps<c10::BFloat16, float, c10::BFloat16>, unsigned int, c10::BFloat16, 4, 4> >(at::native::ReduceOp<c10::BFloat16, at::native::NormTwoOps<c10::BFloat16, float, c10::BFloat16>, unsigned int, c10::BFloat16, 4, 4>)"
27,null,aten::lt,aten,"void at::native::vectorized_elementwise_kernel<4, at::native::compare_scalar_kernel<long>(at::TensorIteratorBase&, at::native::(anonymous namespace)::OpType, long)::{lambda(long)#1}, std::array<char*, 2ul> >(int, at::native::compare_scalar_kernel<long>(at::TensorIteratorBase&, at::native::(anonymous namespace)::OpType, long)::{lambda(long)#1}, std::array<char*, 2ul>)"
28,null,aten::mean,aten,"void at::native::reduce_kernel<256, 2, at::native::ReduceOp<float, at::native::MeanOps<float, float, float, float>, unsigned int, float, 4, 4> >(at::native::ReduceOp<float, at::native::MeanOps<float, float, float, float>, unsigned int, float, 4, 4>)"
28,null,aten::mean,aten,"void at::native::reduce_kernel<512, 1, at::native::ReduceOp<float, at::native::MeanOps<float, float, float, float>, unsigned int, float, 4, 4> >(at::native::ReduceOp<float, at::native::MeanOps<float, float, float, float>, unsigned int, float, 4, 4>)"
29,null,aten::mm,aten,nvjet_sm90_tst_128x192_64x5_2x1_v_bz_coopB_TNN
29,null,aten::mm,aten,nvjet_sm90_tst_128x192_64x5_2x1_v_bz_coopB_splitK_NTN
29,null,aten::mm,aten,nvjet_sm90_tst_192x128_64x5_1x2_h_bz_coopB_splitK_NTT
29,null,aten::mm,aten,nvjet_sm90_tst_192x192_64x3_2x1_v_bz_coopB_NNN
29,null,aten::mm,aten,nvjet_sm90_tst_192x192_64x3_2x1_v_bz_coopB_NTN
29,null,aten::mm,aten,nvjet_sm90_tst_192x192_64x4_2x1_v_bz_coopB_TNN
29,null,aten::mm,aten,nvjet_sm90_tst_256x128_64x4_1x2_h_bz_coopA_NNT
29,null,aten::mm,aten,nvjet_sm90_tst_256x128_64x4_1x2_h_bz_coopA_NTT
29,null,aten::mm,aten,nvjet_sm90_tst_256x128_64x4_1x2_h_bz_coopA_TNT
29,null,aten::mm,aten,nvjet_sm90_tst_256x152_64x4_1x2_h_bz_coopA_NNT
29,null,aten::mm,aten,nvjet_sm90_tst_256x160_64x4_1x2_h_bz_coopA_NNT
29,null,aten::mm,aten,nvjet_sm90_tst_320x128_64x3_1x2_h_bz_coopB_NNT
29,null,aten::mm,aten,nvjet_sm90_tst_320x128_64x3_1x2_h_bz_coopB_TNT
29,null,aten::mm,aten,sm80_xmma_gemm_f32f32_f32f32_f32_nn_n_tilesize256x128x8_stage3_warpsize4x2x1_ffma_aligna4_alignc4_execute_kernel__5x_cublas
29,null,aten::mm,aten,"std::enable_if<!(false), void>::type internal::gemvx::kernel<int, int, float, float, float, float, false, true, false, false, 9, false, cublasGemvParamsEx<int, cublasGemvTensorStridedBatched<float const>, cublasGemvTensorStridedBatched<float const>, cublasGemvTensorStridedBatched<float>, float> >(cublasGemvParamsEx<int, cublasGemvTensorStridedBatched<float const>, cublasGemvTensorStridedBatched<float const>, cublasGemvTensorStridedBatched<float>, float>)"
29,null,aten::mm,aten,"void cublasLt::splitKreduce_kernel<32, 16, int, float, __nv_bfloat16, float, __nv_bfloat16, false, float, __nv_bfloat16, __nv_bfloat16, true, false, false, false>(cublasLt::cublasSplitKParams<float>, float const*, __nv_bfloat16 const*, float*, __nv_bfloat16*, float const*, float const*, __nv_bfloat16 const*, float const*, __nv_bfloat16*, void*, long, float*, int*, float*, float*, float const*, float const*, float const*, float const*, float const*)"
29,null,aten::mm,aten,"void cublasLt::splitKreduce_kernel<32, 16, int, float, float, float, float, false, float, float, float, true, false, false, false>(cublasLt::cublasSplitKParams<float>, float const*, float const*, float*, float*, float const*, float const*, float const*, float const*, float*, void*, long, float*, int*, float*, float*, float const*, float const*, float const*, float const*, float const*)"
29,null,aten::mm,aten,void cutlass::Kernel2<cutlass_80_simt_sgemm_128x256_8x4_nt_align1>(cutlass_80_simt_sgemm_128x256_8x4_nt_align1::Params)
29,null,aten::mm,aten,void cutlass::Kernel2<cutlass_80_simt_sgemm_128x32_8x5_nn_align1>(cutlass_80_simt_sgemm_128x32_8x5_nn_align1::Params)
30,null,aten::mul,aten,"void at::native::elementwise_kernel<128, 2, at::native::gpu_kernel_impl_nocast<at::native::BinaryFunctor<float, float, float, at::native::binary_internal::MulFunctor<float> > >(at::TensorIteratorBase&, at::native::BinaryFunctor<float, float, float, at::native::binary_internal::MulFunctor<float> > const&)::{lambda(int)#1}>(int, at::native::gpu_kernel_impl_nocast<at::native::BinaryFunctor<float, float, float, at::native::binary_internal::MulFunctor<float> > >(at::TensorIteratorBase&, at::native::BinaryFunctor<float, float, float, at::native::binary_internal::MulFunctor<float> > const&)::{lambda(int)#1})"
30,null,aten::mul,aten,"void at::native::elementwise_kernel<128, 4, at::native::gpu_kernel_impl_nocast<at::native::BinaryFunctor<c10::BFloat16, c10::BFloat16, c10::BFloat16, at::native::binary_internal::MulFunctor<float> > >(at::TensorIteratorBase&, at::native::BinaryFunctor<c10::BFloat16, c10::BFloat16, c10::BFloat16, at::native::binary_internal::MulFunctor<float> > const&)::{lambda(int)#1}>(int, at::native::gpu_kernel_impl_nocast<at::native::BinaryFunctor<c10::BFloat16, c10::BFloat16, c10::BFloat16, at::native::binary_internal::MulFunctor<float> > >(at::TensorIteratorBase&, at::native::BinaryFunctor<c10::BFloat16, c10::BFloat16, c10::BFloat16, at::native::binary_internal::MulFunctor<float> > const&)::{lambda(int)#1})"
30,null,aten::mul,aten,"void at::native::unrolled_elementwise_kernel<at::native::BinaryFunctor<float, float, float, at::native::binary_internal::MulFunctor<float> >, std::array<char*, 3ul>, 4, TrivialOffsetCalculator<2, unsigned int>, TrivialOffsetCalculator<1, unsigned int>, at::native::memory::LoadWithCast<2>, at::native::memory::StoreWithCast<1> >(int, at::native::BinaryFunctor<float, float, float, at::native::binary_internal::MulFunctor<float> >, std::array<char*, 3ul>, TrivialOffsetCalculator<2, unsigned int>, TrivialOffsetCalculator<1, unsigned int>, at::native::memory::LoadWithCast<2>, at::native::memory::StoreWithCast<1>)"
30,null,aten::mul,aten,"void at::native::vectorized_elementwise_kernel<2, at::native::AUnaryFunctor<long, long, long, at::native::binary_internal::MulFunctor<long> >, std::array<char*, 2ul> >(int, at::native::AUnaryFunctor<long, long, long, at::native::binary_internal::MulFunctor<long> >, std::array<char*, 2ul>)"
30,null,aten::mul,aten,"void at::native::vectorized_elementwise_kernel<4, at::native::AUnaryFunctor<float, float, float, at::native::binary_internal::MulFunctor<float> >, std::array<char*, 2ul> >(int, at::native::AUnaryFunctor<float, float, float, at::native::binary_internal::MulFunctor<float> >, std::array<char*, 2ul>)"
30,null,aten::mul,aten,"void at::native::vectorized_elementwise_kernel<4, at::native::BinaryFunctor<bool, bool, bool, at::native::binary_internal::MulFunctor<bool> >, std::array<char*, 3ul> >(int, at::native::BinaryFunctor<bool, bool, bool, at::native::binary_internal::MulFunctor<bool> >, std::array<char*, 3ul>)"
30,null,aten::mul,aten,"void at::native::vectorized_elementwise_kernel<4, at::native::BinaryFunctor<float, float, float, at::native::binary_internal::MulFunctor<float> >, std::array<char*, 3ul> >(int, at::native::BinaryFunctor<float, float, float, at::native::binary_internal::MulFunctor<float> >, std::array<char*, 3ul>)"
30,null,aten::mul,aten,"void at::native::vectorized_elementwise_kernel<8, at::native::AUnaryFunctor<c10::BFloat16, c10::BFloat16, c10::BFloat16, at::native::binary_internal::MulFunctor<float> >, std::array<char*, 2ul> >(int, at::native::AUnaryFunctor<c10::BFloat16, c10::BFloat16, c10::BFloat16, at::native::binary_internal::MulFunctor<float> >, std::array<char*, 2ul>)"
30,null,aten::mul,aten,"void at::native::vectorized_elementwise_kernel<8, at::native::BinaryFunctor<c10::BFloat16, c10::BFloat16, c10::BFloat16, at::native::binary_internal::MulFunctor<float> >, std::array<char*, 3ul> >(int, at::native::BinaryFunctor<c10::BFloat16, c10::BFloat16, c10::BFloat16, at::native::binary_internal::MulFunctor<float> >, std::array<char*, 3ul>)"
31,null,aten::ne,aten,"void at::native::vectorized_elementwise_kernel<4, at::native::AUnaryFunctor<c10::BFloat16, c10::BFloat16, bool, at::native::(anonymous namespace)::CompareEqFunctor<c10::BFloat16> >, std::array<char*, 2ul> >(int, at::native::AUnaryFunctor<c10::BFloat16, c10::BFloat16, bool, at::native::(anonymous namespace)::CompareEqFunctor<c10::BFloat16> >, std::array<char*, 2ul>)"
31,null,aten::ne,aten,"void at::native::vectorized_elementwise_kernel<4, at::native::AUnaryFunctor<float, float, bool, at::native::(anonymous namespace)::CompareEqFunctor<float> >, std::array<char*, 2ul> >(int, at::native::AUnaryFunctor<float, float, bool, at::native::(anonymous namespace)::CompareEqFunctor<float> >, std::array<char*, 2ul>)"
31,null,aten::ne,aten,"void at::native::vectorized_elementwise_kernel<4, at::native::BinaryFunctor<float, float, bool, at::native::(anonymous namespace)::CompareEqFunctor<float> >, std::array<char*, 3ul> >(int, at::native::BinaryFunctor<float, float, bool, at::native::(anonymous namespace)::CompareEqFunctor<float> >, std::array<char*, 3ul>)"
32,null,aten::normal_,aten,"void at::native::(anonymous namespace)::distribution_elementwise_grid_stride_kernel<float, 4, at::native::templates::cuda::normal_and_transform<float, float, at::CUDAGeneratorImpl*, at::native::templates::cuda::normal_kernel<at::CUDAGeneratorImpl*>(at::TensorBase const&, double, double, at::CUDAGeneratorImpl*)::{lambda()#1}::operator()() const::{lambda()#2}::operator()() const::{lambda(float)#1}>(at::TensorIteratorBase&, at::CUDAGeneratorImpl*, at::native::templates::cuda::normal_kernel<at::CUDAGeneratorImpl*>(at::TensorBase const&, double, double, at::CUDAGeneratorImpl*)::{lambda()#1}::operator()() const::{lambda()#2}::operator()() const::{lambda(float)#1})::{lambda(curandStatePhilox4_32_10*)#2}, at::native::(anonymous namespace)::distribution_nullary_kernel<float, float, float4, at::CUDAGeneratorImpl*, at::native::templates::cuda::normal_and_transform<float, float, at::CUDAGeneratorImpl*, at::native::templates::cuda::normal_kernel<at::CUDAGeneratorImpl*>(at::TensorBase const&, double, double, at::CUDAGeneratorImpl*)::{lambda()#1}::operator()() const::{lambda()#2}::operator()() const::{lambda(float)#1}>(at::TensorIteratorBase&, at::CUDAGeneratorImpl*, at::native::templates::cuda::normal_kernel<at::CUDAGeneratorImpl*>(at::TensorBase const&, double, double, at::CUDAGeneratorImpl*)::{lambda()#1}::operator()() const::{lambda()#2}::operator()() const::{lambda(float)#1})::{lambda(curandStatePhilox4_32_10*)#2}, at::native::templates::cuda::normal_kernel<at::CUDAGeneratorImpl*>(at::TensorBase const&, double, double, at::CUDAGeneratorImpl*)::{lambda()#1}::operator()() const::{lambda()#2}::operator()() const::{lambda(float)#1}>(at::TensorIteratorBase&, at::CUDAGeneratorImpl*, at::native::templates::cuda::normal_and_transform<float, float, at::CUDAGeneratorImpl*, at::native::templates::cuda::normal_kernel<at::CUDAGeneratorImpl*>(at::TensorBase const&, double, double, at::CUDAGeneratorImpl*)::{lambda()#1}::operator()() const::{lambda()#2}::operator()() const::{lambda(float)#1}>(at::TensorIteratorBase&, at::CUDAGeneratorImpl*, at::native::templates::cuda::normal_kernel<at::CUDAGeneratorImpl*>(at::TensorBase const&, double, double, at::CUDAGeneratorImpl*)::{lambda()#1}::operator()() const::{lambda()#2}::operator()() const::{lambda(float)#1})::{lambda(curandStatePhilox4_32_10*)#2} const&, at::native::templates::cuda::normal_kernel<at::CUDAGeneratorImpl*>(at::TensorBase const&, double, double, at::CUDAGeneratorImpl*)::{lambda()#1}::operator()() const::{lambda()#2}::operator()() const::{lambda(float)#1})::{lambda(int, float)#1}>(long, at::PhiloxCudaState, at::native::templates::cuda::normal_and_transform<float, float, at::CUDAGeneratorImpl*, at::native::templates::cuda::normal_kernel<at::CUDAGeneratorImpl*>(at::TensorBase const&, double, double, at::CUDAGeneratorImpl*)::{lambda()#1}::operator()() const::{lambda()#2}::operator()() const::{lambda(float)#1}>(at::TensorIteratorBase&, at::CUDAGeneratorImpl*, at::native::templates::cuda::normal_kernel<at::CUDAGeneratorImpl*>(at::TensorBase const&, double, double, at::CUDAGeneratorImpl*)::{lambda()#1}::operator()() const::{lambda()#2}::operator()() const::{lambda(float)#1})::{lambda(curandStatePhilox4_32_10*)#2}, at::native::(anonymous namespace)::distribution_nullary_kernel<float, float, float4, at::CUDAGeneratorImpl*, at::native::templates::cuda::normal_and_transform<float, float, at::CUDAGeneratorImpl*, at::native::templates::cuda::normal_kernel<at::CUDAGeneratorImpl*>(at::TensorBase const&, double, double, at::CUDAGeneratorImpl*)::{lambda()#1}::operator()() const::{lambda()#2}::operator()() const::{lambda(float)#1}>(at::TensorIteratorBase&, at::CUDAGeneratorImpl*, at::native::templates::cuda::normal_kernel<at::CUDAGeneratorImpl*>(at::TensorBase const&, double, double, at::CUDAGeneratorImpl*)::{lambda()#1}::operator()() const::{lambda()#2}::operator()() const::{lambda(float)#1})::{lambda(curandStatePhilox4_32_10*)#2}, at::native::templates::cuda::normal_kernel<at::CUDAGeneratorImpl*>(at::TensorBase const&, double, double, at::CUDAGeneratorImpl*)::{lambda()#1}::operator()() const::{lambda()#2}::operator()() const::{lambda(float)#1}>(at::TensorIteratorBase&, at::CUDAGeneratorImpl*, at::native::templates::cuda::normal_and_transform<float, float, at::CUDAGeneratorImpl*, at::native::templates::cuda::normal_kernel<at::CUDAGeneratorImpl*>(at::TensorBase const&, double, double, at::CUDAGeneratorImpl*)::{lambda()#1}::operator()() const::{lambda()#2}::operator()() const::{lambda(float)#1}>(at::TensorIteratorBase&, at::CUDAGeneratorImpl*, at::native::templates::cuda::normal_kernel<at::CUDAGeneratorImpl*>(at::TensorBase const&, double, double, at::CUDAGeneratorImpl*)::{lambda()#1}::operator()() const::{lambda()#2}::operator()() const::{lambda(float)#1})::{lambda(curandStatePhilox4_32_10*)#2} const&, at::native::templates::cuda::normal_kernel<at::CUDAGeneratorImpl*>(at::TensorBase const&, double, double, at::CUDAGeneratorImpl*)::{lambda()#1}::operator()() const::{lambda()#2}::operator()() const::{lambda(float)#1})::{lambda(int, float)#1})"
33,null,aten::pow,aten,"void at::native::vectorized_elementwise_kernel<4, at::native::(anonymous namespace)::pow_tensor_scalar_kernel_impl<float, float>(at::TensorIteratorBase&, float)::{lambda(float)#1}, std::array<char*, 2ul> >(int, at::native::(anonymous namespace)::pow_tensor_scalar_kernel_impl<float, float>(at::TensorIteratorBase&, float)::{lambda(float)#1}, std::array<char*, 2ul>)"
33,null,aten::pow,aten,"void at::native::vectorized_elementwise_kernel<4, at::native::(anonymous namespace)::pow_tensor_scalar_kernel_impl<float, float>(at::TensorIteratorBase&, float)::{lambda(float)#2}, std::array<char*, 2ul> >(int, at::native::(anonymous namespace)::pow_tensor_scalar_kernel_impl<float, float>(at::TensorIteratorBase&, float)::{lambda(float)#2}, std::array<char*, 2ul>)"
33,null,aten::pow,aten,"void at::native::vectorized_elementwise_kernel<8, at::native::(anonymous namespace)::pow_tensor_scalar_kernel_impl<c10::BFloat16, c10::BFloat16>(at::TensorIteratorBase&, c10::BFloat16)::{lambda(c10::BFloat16)#1}, std::array<char*, 2ul> >(int, at::native::(anonymous namespace)::pow_tensor_scalar_kernel_impl<c10::BFloat16, c10::BFloat16>(at::TensorIteratorBase&, c10::BFloat16)::{lambda(c10::BFloat16)#1}, std::array<char*, 2ul>)"
33,null,aten::pow,aten,"void at::native::vectorized_elementwise_kernel<8, at::native::sqrt_kernel_cuda(at::TensorIteratorBase&)::{lambda()#2}::operator()() const::{lambda()#4}::operator()() const::{lambda(c10::BFloat16)#1}, std::array<char*, 2ul> >(int, at::native::sqrt_kernel_cuda(at::TensorIteratorBase&)::{lambda()#2}::operator()() const::{lambda()#4}::operator()() const::{lambda(c10::BFloat16)#1}, std::array<char*, 2ul>)"
34,null,aten::reciprocal,aten,"void at::native::vectorized_elementwise_kernel<8, at::native::reciprocal_kernel_cuda(at::TensorIteratorBase&)::{lambda()#1}::operator()() const::{lambda()#6}::operator()() const::{lambda(c10::BFloat16)#1}, std::array<char*, 2ul> >(int, at::native::reciprocal_kernel_cuda(at::TensorIteratorBase&)::{lambda()#1}::operator()() const::{lambda()#6}::operator()() const::{lambda(c10::BFloat16)#1}, std::array<char*, 2ul>)"
35,null,aten::remainder,aten,"void at::native::vectorized_elementwise_kernel<2, at::native::BUnaryFunctor<long, long, long, at::native::remainder_kernel_cuda(at::TensorIteratorBase&)::{lambda()#1}::operator()() const::{lambda()#4}::operator()() const::{lambda(long, long)#1}>, std::array<char*, 2ul> >(int, at::native::BUnaryFunctor<long, long, long, at::native::remainder_kernel_cuda(at::TensorIteratorBase&)::{lambda()#1}::operator()() const::{lambda()#4}::operator()() const::{lambda(long, long)#1}>, std::array<char*, 2ul>)"
36,null,aten::repeat_interleave,aten,"void compute_cuda_kernel<long>(long const*, long const*, long*, long, long)"
37,null,aten::rsqrt,aten,"void at::native::vectorized_elementwise_kernel<4, at::native::rsqrt_kernel_cuda(at::TensorIteratorBase&)::{lambda()#2}::operator()() const::{lambda()#2}::operator()() const::{lambda(float)#1}, std::array<char*, 2ul> >(int, at::native::rsqrt_kernel_cuda(at::TensorIteratorBase&)::{lambda()#2}::operator()() const::{lambda()#2}::operator()() const::{lambda(float)#1}, std::array<char*, 2ul>)"
38,null,aten::scatter_add,aten,"void at::native::_scatter_gather_elementwise_kernel<128, 8, at::native::_cuda_scatter_gather_internal_kernel<true, c10::BFloat16, long>::operator()<at::native::ReduceAdd>(at::TensorIterator&, long, long, long, at::native::ReduceAdd const&)::{lambda(int)#1}>(int, at::native::_cuda_scatter_gather_internal_kernel<true, c10::BFloat16, long>::operator()<at::native::ReduceAdd>(at::TensorIterator&, long, long, long, at::native::ReduceAdd const&)::{lambda(int)#1})"
39,null,aten::silu,aten,"void at::native::vectorized_elementwise_kernel<4, at::native::(anonymous namespace)::silu_kernel(at::TensorIteratorBase&)::{lambda()#1}::operator()() const::{lambda()#2}::operator()() const::{lambda(float)#1}, std::array<char*, 2ul> >(int, at::native::(anonymous namespace)::silu_kernel(at::TensorIteratorBase&)::{lambda()#1}::operator()() const::{lambda()#2}::operator()() const::{lambda(float)#1}, std::array<char*, 2ul>)"
40,null,aten::silu_backward,aten,"void at::native::vectorized_elementwise_kernel<4, at::native::(anonymous namespace)::silu_backward_kernel(at::TensorIteratorBase&)::{lambda()#1}::operator()() const::{lambda()#2}::operator()() const::{lambda(float, float)#1}, std::array<char*, 3ul> >(int, at::native::(anonymous namespace)::silu_backward_kernel(at::TensorIteratorBase&)::{lambda()#1}::operator()() const::{lambda()#2}::operator()() const::{lambda(float, float)#1}, std::array<char*, 3ul>)"
41,null,aten::sin,aten,"void at::native::vectorized_elementwise_kernel<4, at::native::sin_kernel_cuda(at::TensorIteratorBase&)::{lambda()#2}::operator()() const::{lambda()#2}::operator()() const::{lambda(float)#1}, std::array<char*, 2ul> >(int, at::native::sin_kernel_cuda(at::TensorIteratorBase&)::{lambda()#2}::operator()() const::{lambda()#2}::operator()() const::{lambda(float)#1}, std::array<char*, 2ul>)"
42,null,aten::split_with_sizes_copy,aten,"at::native::detail::split_with_sizes_copy_out_contiguous_no_cast_kernel(char**, char**, long*, long*, long*, long, long)"
43,null,aten::sub,aten,"void at::native::unrolled_elementwise_kernel<at::native::CUDAFunctor_add<float>, std::array<char*, 3ul>, 4, TrivialOffsetCalculator<2, unsigned int>, TrivialOffsetCalculator<1, unsigned int>, at::native::memory::LoadWithCast<2>, at::native::memory::StoreWithCast<1> >(int, at::native::CUDAFunctor_add<float>, std::array<char*, 3ul>, TrivialOffsetCalculator<2, unsigned int>, TrivialOffsetCalculator<1, unsigned int>, at::native::memory::LoadWithCast<2>, at::native::memory::StoreWithCast<1>)"
43,null,aten::sub,aten,"void at::native::vectorized_elementwise_kernel<4, at::native::CUDAFunctorOnOther_add<float>, std::array<char*, 2ul> >(int, at::native::CUDAFunctorOnOther_add<float>, std::array<char*, 2ul>)"
43,null,aten::sub,aten,"void at::native::vectorized_elementwise_kernel<4, at::native::CUDAFunctorOnSelf_add<float>, std::array<char*, 2ul> >(int, at::native::CUDAFunctorOnSelf_add<float>, std::array<char*, 2ul>)"
43,null,aten::sub,aten,"void at::native::vectorized_elementwise_kernel<4, at::native::CUDAFunctor_add<float>, std::array<char*, 3ul> >(int, at::native::CUDAFunctor_add<float>, std::array<char*, 3ul>)"
44,null,aten::sum,aten,"void at::native::reduce_kernel<128, 4, at::native::ReduceOp<c10::BFloat16, at::native::func_wrapper_t<c10::BFloat16, at::native::sum_functor<c10::BFloat16, float, c10::BFloat16>::operator()(at::TensorIterator&)::{lambda(float, float)#1}>, unsigned int, c10::BFloat16, 4, 8> >(at::native::ReduceOp<c10::BFloat16, at::native::func_wrapper_t<c10::BFloat16, at::native::sum_functor<c10::BFloat16, float, c10::BFloat16>::operator()(at::TensorIterator&)::{lambda(float, float)#1}>, unsigned int, c10::BFloat16, 4, 8>)"
44,null,aten::sum,aten,"void at::native::reduce_kernel<128, 4, at::native::ReduceOp<float, at::native::func_wrapper_t<float, at::native::sum_functor<float, float, float>::operator()(at::TensorIterator&)::{lambda(float, float)#1}>, unsigned int, float, 4, 4> >(at::native::ReduceOp<float, at::native::func_wrapper_t<float, at::native::sum_functor<float, float, float>::operator()(at::TensorIterator&)::{lambda(float, float)#1}>, unsigned int, float, 4, 4>)"
44,null,aten::sum,aten,"void at::native::reduce_kernel<512, 1, at::native::ReduceOp<float, at::native::func_wrapper_t<float, at::native::sum_functor<float, float, float>::operator()(at::TensorIterator&)::{lambda(float, float)#1}>, unsigned int, float, 4, 4> >(at::native::ReduceOp<float, at::native::func_wrapper_t<float, at::native::sum_functor<float, float, float>::operator()(at::TensorIterator&)::{lambda(float, float)#1}>, unsigned int, float, 4, 4>)"
45,null,aten::where,aten,"void at::native::vectorized_elementwise_kernel<4, at::native::(anonymous namespace)::where_kernel_impl(at::TensorIterator&)::{lambda()#1}::operator()() const::{lambda()#11}::operator()() const::{lambda(bool, float, float)#1}, std::array<char*, 4ul> >(int, at::native::(anonymous namespace)::where_kernel_impl(at::TensorIterator&)::{lambda()#1}::operator()() const::{lambda()#11}::operator()() const::{lambda(bool, float, float)#1}, std::array<char*, 4ul>)"
46,null,flash_attn_3::bwd,custom,"void cutlass::device_kernel<flash::FlashAttnBwdPostprocessConvertdQ<cute::tuple<cute::C<128>, cute::C<128> >, cutlass::bfloat16_t, float, cutlass::arch::Sm90, 256, cute::TiledMMA<cute::MMA_Atom<cute::SM90::GMMA::MMA_64x128x16_F32BF16BF16_RS<(cute::SM90::GMMA::Major)0, (cute::SM90::GMMA::Major)1, (cute::SM90::GMMA::ScaleIn)1, (cute::SM90::GMMA::ScaleIn)1> >, cute::Layout<cute::tuple<cute::C<2>, cute::C<1>, cute::C<1> >, cute::tuple<cute::C<1>, cute::C<0>, cute::C<0> > >, cute::tuple<cute::Underscore, cute::Underscore, cute::Underscore> >, false> >(flash::FlashAttnBwdPostprocessConvertdQ<cute::tuple<cute::C<128>, cute::C<128> >, cutlass::bfloat16_t, float, cutlass::arch::Sm90, 256, cute::TiledMMA<cute::MMA_Atom<cute::SM90::GMMA::MMA_64x128x16_F32BF16BF16_RS<(cute::SM90::GMMA::Major)0, (cute::SM90::GMMA::Major)1, (cute::SM90::GMMA::ScaleIn)1, (cute::SM90::GMMA::ScaleIn)1> >, cute::Layout<cute::tuple<cute::C<2>, cute::C<1>, cute::C<1> >, cute::tuple<cute::C<1>, cute::C<0>, cute::C<0> > >, cute::tuple<cute::Underscore, cute::Underscore, cute::Underscore> >, false>::Params)"
46,null,flash_attn_3::bwd,custom,"void cutlass::device_kernel<flash::FlashAttnBwdPostprocessConvertdQ<cute::tuple<cute::C<64>, cute::C<128> >, cutlass::bfloat16_t, float, cutlass::arch::Sm90, 256, cute::TiledMMA<cute::MMA_Atom<cute::SM90::GMMA::MMA_64x64x16_F32BF16BF16_SS<(cute::SM90::GMMA::Major)0, (cute::SM90::GMMA::Major)1, (cute::SM90::GMMA::ScaleIn)1, (cute::SM90::GMMA::ScaleIn)1> >, cute::Layout<cute::tuple<cute::C<1>, cute::C<2>, cute::C<1> >, cute::tuple<cute::C<0>, cute::C<1>, cute::C<0> > >, cute::tuple<cute::Underscore, cute::Underscore, cute::Underscore> >, false> >(flash::FlashAttnBwdPostprocessConvertdQ<cute::tuple<cute::C<64>, cute::C<128> >, cutlass::bfloat16_t, float, cutlass::arch::Sm90, 256, cute::TiledMMA<cute::MMA_Atom<cute::SM90::GMMA::MMA_64x64x16_F32BF16BF16_SS<(cute::SM90::GMMA::Major)0, (cute::SM90::GMMA::Major)1, (cute::SM90::GMMA::ScaleIn)1, (cute::SM90::GMMA::ScaleIn)1> >, cute::Layout<cute::tuple<cute::C<1>, cute::C<2>, cute::C<1> >, cute::tuple<cute::C<0>, cute::C<1>, cute::C<0> > >, cute::tuple<cute::Underscore, cute::Underscore, cute::Underscore> >, false>::Params)"
46,null,flash_attn_3::bwd,custom,"void cutlass::device_kernel<flash::FlashAttnBwdPostprocessConvertdQ<cute::tuple<cute::C<80>, cute::C<128> >, cutlass::bfloat16_t, float, cutlass::arch::Sm90, 256, cute::TiledMMA<cute::MMA_Atom<cute::SM90::GMMA::MMA_64x80x16_F32BF16BF16_SS<(cute::SM90::GMMA::Major)1, (cute::SM90::GMMA::Major)0, (cute::SM90::GMMA::ScaleIn)1, (cute::SM90::GMMA::ScaleIn)1> >, cute::Layout<cute::tuple<cute::C<2>, cute::C<1>, cute::C<1> >, cute::tuple<cute::C<1>, cute::C<0>, cute::C<0> > >, cute::tuple<cute::Underscore, cute::Underscore, cute::Underscore> >, true> >(flash::FlashAttnBwdPostprocessConvertdQ<cute::tuple<cute::C<80>, cute::C<128> >, cutlass::bfloat16_t, float, cutlass::arch::Sm90, 256, cute::TiledMMA<cute::MMA_Atom<cute::SM90::GMMA::MMA_64x80x16_F32BF16BF16_SS<(cute::SM90::GMMA::Major)1, (cute::SM90::GMMA::Major)0, (cute::SM90::GMMA::ScaleIn)1, (cute::SM90::GMMA::ScaleIn)1> >, cute::Layout<cute::tuple<cute::C<2>, cute::C<1>, cute::C<1> >, cute::tuple<cute::C<1>, cute::C<0>, cute::C<0> > >, cute::tuple<cute::Underscore, cute::Underscore, cute::Underscore> >, true>::Params)"
46,null,flash_attn_3::bwd,custom,"void cutlass::device_kernel<flash::FlashAttnBwdPreprocess<cute::tuple<cute::C<64>, cute::C<128> >, cutlass::bfloat16_t, float, cutlass::arch::Sm90, true, true> >(flash::FlashAttnBwdPreprocess<cute::tuple<cute::C<64>, cute::C<128> >, cutlass::bfloat16_t, float, cutlass::arch::Sm90, true, true>::Params)"
46,null,flash_attn_3::bwd,custom,"void cutlass::device_kernel<flash::FlashAttnBwdPreprocess<cute::tuple<cute::C<80>, cute::C<128> >, cutlass::bfloat16_t, float, cutlass::arch::Sm90, true, true> >(flash::FlashAttnBwdPreprocess<cute::tuple<cute::C<80>, cute::C<128> >, cutlass::bfloat16_t, float, cutlass::arch::Sm90, true, true>::Params)"
46,null,flash_attn_3::bwd,custom,"void cutlass::device_kernel<flash::enable_sm90_or_later<flash::FlashAttnBwdSm90<flash::CollectiveMainloopBwdSm90<2, 2, 2, cute::tuple<cute::C<1>, cute::C<1>, cute::C<1> >, cute::tuple<cute::C<64>, cute::C<128>, cute::C<128> >, cutlass::bfloat16_t, float, cutlass::arch::Sm90, true, false, false, true, false, true, false, false, 2, 1, 2, 1, false>, flash::CollectiveEpilogueBwdGQA<cute::tuple<cute::C<64>, cute::C<128>, cute::C<128> >, float, cutlass::arch::Sm90, 256, true, false>, flash::SingleTileBwdLPTScheduler<true, 128, false> > > >(flash::enable_sm90_or_later<flash::FlashAttnBwdSm90<flash::CollectiveMainloopBwdSm90<2, 2, 2, cute::tuple<cute::C<1>, cute::C<1>, cute::C<1> >, cute::tuple<cute::C<64>, cute::C<128>, cute::C<128> >, cutlass::bfloat16_t, float, cutlass::arch::Sm90, true, false, false, true, false, true, false, false, 2, 1, 2, 1, false>, flash::CollectiveEpilogueBwdGQA<cute::tuple<cute::C<64>, cute::C<128>, cute::C<128> >, float, cutlass::arch::Sm90, 256, true, false>, flash::SingleTileBwdLPTScheduler<true, 128, false> > >::Params)"
46,null,flash_attn_3::bwd,custom,"void cutlass::device_kernel<flash::enable_sm90_or_later<flash::FlashAttnBwdSm90<flash::CollectiveMainloopBwdSm90<2, 2, 2, cute::tuple<cute::C<1>, cute::C<1>, cute::C<1> >, cute::tuple<cute::C<80>, cute::C<128>, cute::C<128> >, cutlass::bfloat16_t, float, cutlass::arch::Sm90, false, false, false, true, false, true, false, true, 2, 1, 2, 1, false>, flash::CollectiveEpilogueBwdGQA<cute::tuple<cute::C<80>, cute::C<128>, cute::C<128> >, float, cutlass::arch::Sm90, 256, true, false>, flash::SingleTileScheduler<true, false, false, 128> > > >(flash::enable_sm90_or_later<flash::FlashAttnBwdSm90<flash::CollectiveMainloopBwdSm90<2, 2, 2, cute::tuple<cute::C<1>, cute::C<1>, cute::C<1> >, cute::tuple<cute::C<80>, cute::C<128>, cute::C<128> >, cutlass::bfloat16_t, float, cutlass::arch::Sm90, false, false, false, true, false, true, false, true, 2, 1, 2, 1, false>, flash::CollectiveEpilogueBwdGQA<cute::tuple<cute::C<80>, cute::C<128>, cute::C<128> >, float, cutlass::arch::Sm90, 256, true, false>, flash::SingleTileScheduler<true, false, false, 128> > >::Params)"
47,null,flash_attn_3::fwd,custom,"void cutlass::device_kernel<flash::enable_sm90_or_later<flash::FlashAttnFwdSm90<flash::CollectiveMainloopFwdSm90<2, cute::tuple<cute::C<1>, cute::C<1>, cute::C<1> >, cute::tuple<cute::C<128>, cute::C<128>, cute::C<128> >, 128, cutlass::bfloat16_t, float, cutlass::arch::Sm90, true, false, false, true, false, false, false, true, true, true, false, false>, flash::CollectiveEpilogueFwd<cute::tuple<cute::C<128>, cute::C<128>, cute::C<128> >, cute::tuple<cute::C<1>, cute::C<1>, cute::C<1> >, cutlass::bfloat16_t, cutlass::arch::Sm90, 256, true, true, false, false>, flash::VarlenDynamicPersistentTileScheduler<128, 128, 256, 128, false, true, true, true, true, true> > > >(flash::enable_sm90_or_later<flash::FlashAttnFwdSm90<flash::CollectiveMainloopFwdSm90<2, cute::tuple<cute::C<1>, cute::C<1>, cute::C<1> >, cute::tuple<cute::C<128>, cute::C<128>, cute::C<128> >, 128, cutlass::bfloat16_t, float, cutlass::arch::Sm90, true, false, false, true, false, false, false, true, true, true, false, false>, flash::CollectiveEpilogueFwd<cute::tuple<cute::C<128>, cute::C<128>, cute::C<128> >, cute::tuple<cute::C<1>, cute::C<1>, cute::C<1> >, cutlass::bfloat16_t, cutlass::arch::Sm90, 256, true, true, false, false>, flash::VarlenDynamicPersistentTileScheduler<128, 128, 256, 128, false, true, true, true, true, true> > >::Params)"
47,null,flash_attn_3::fwd,custom,"void cutlass::device_kernel<flash::enable_sm90_or_later<flash::FlashAttnFwdSm90<flash::CollectiveMainloopFwdSm90<2, cute::tuple<cute::C<1>, cute::C<1>, cute::C<1> >, cute::tuple<cute::C<128>, cute::C<176>, cute::C<128> >, 128, cutlass::bfloat16_t, float, cutlass::arch::Sm90, false, false, false, true, false, false, false, true, true, true, false, false>, flash::CollectiveEpilogueFwd<cute::tuple<cute::C<128>, cute::C<128>, cute::C<176> >, cute::tuple<cute::C<1>, cute::C<1>, cute::C<1> >, cutlass::bfloat16_t, cutlass::arch::Sm90, 256, true, true, false, false>, flash::VarlenDynamicPersistentTileScheduler<128, 176, 256, 128, false, true, true, false, true, true> > > >(flash::enable_sm90_or_later<flash::FlashAttnFwdSm90<flash::CollectiveMainloopFwdSm90<2, cute::tuple<cute::C<1>, cute::C<1>, cute::C<1> >, cute::tuple<cute::C<128>, cute::C<176>, cute::C<128> >, 128, cutlass::bfloat16_t, float, cutlass::arch::Sm90, false, false, false, true, false, false, false, true, true, true, false, false>, flash::CollectiveEpilogueFwd<cute::tuple<cute::C<128>, cute::C<128>, cute::C<176> >, cute::tuple<cute::C<1>, cute::C<1>, cute::C<1> >, cutlass::bfloat16_t, cutlass::arch::Sm90, 256, true, true, false, false>, flash::VarlenDynamicPersistentTileScheduler<128, 176, 256, 128, false, true, true, false, true, true> > >::Params)"
47,null,flash_attn_3::fwd,custom,"void flash::prepare_varlen_num_blocks_kernel<1, true>(int, int, int, int const*, int const*, int const*, int const*, int const*, int const*, int, int, int, int, int, cutlass::FastDivmod, cutlass::FastDivmod, int*, int*, int*, int*, int*, bool, bool, bool, int)"
48,null,triton_per_fused__flash_attn_forward__to_copy_add_cat_mean_mul_neg_pow_rsqrt_slice_squeeze_unsqueeze_view_12,torch_compile,triton_per_fused__flash_attn_forward__to_copy_add_cat_mean_mul_neg_pow_rsqrt_slice_squeeze_unsqueeze_view_12
49,null,triton_per_fused__flash_attn_forward__to_copy_add_cat_mean_mul_neg_pow_rsqrt_slice_squeeze_unsqueeze_view_2,torch_compile,triton_per_fused__flash_attn_forward__to_copy_add_cat_mean_mul_neg_pow_rsqrt_slice_squeeze_unsqueeze_view_2
50,null,triton_per_fused__to_copy_add_cat_mean_mul_neg_pow_rsqrt_slice_unsqueeze_view_1,torch_compile,triton_per_fused__to_copy_add_cat_mean_mul_neg_pow_rsqrt_slice_unsqueeze_view_1
51,null,triton_per_fused__to_copy_add_cat_mean_mul_neg_pow_rsqrt_slice_unsqueeze_view_10,torch_compile,triton_per_fused__to_copy_add_cat_mean_mul_neg_pow_rsqrt_slice_unsqueeze_view_10
52,null,triton_per_fused__to_copy_add_cat_mean_mul_neg_pow_rsqrt_slice_unsqueeze_view_3,torch_compile,triton_per_fused__to_copy_add_cat_mean_mul_neg_pow_rsqrt_slice_unsqueeze_view_3
53,null,triton_per_fused__to_copy_add_cat_mean_mul_neg_pow_rsqrt_slice_unsqueeze_view_8,torch_compile,triton_per_fused__to_copy_add_cat_mean_mul_neg_pow_rsqrt_slice_unsqueeze_view_8
54,null,triton_per_fused__to_copy_add_div_expand_index_mean_mul_neg_pow_rsqrt_slice_slice_backward_squeeze_sum_unsqueeze_view_23,torch_compile,triton_per_fused__to_copy_add_div_expand_index_mean_mul_neg_pow_rsqrt_slice_slice_backward_squeeze_sum_unsqueeze_view_23
55,null,triton_per_fused__to_copy_add_div_expand_mean_mul_neg_pow_rsqrt_slice_slice_backward_squeeze_sum_unsqueeze_view_24,torch_compile,triton_per_fused__to_copy_add_div_expand_mean_mul_neg_pow_rsqrt_slice_slice_backward_squeeze_sum_unsqueeze_view_24
56,null,triton_per_fused__to_copy_add_div_expand_mean_mul_pow_rsqrt_scalar_tensor_sum_unsqueeze_where_19,torch_compile,triton_per_fused__to_copy_add_div_expand_mean_mul_pow_rsqrt_scalar_tensor_sum_unsqueeze_where_19
57,null,triton_per_fused__to_copy_add_div_expand_mean_mul_pow_rsqrt_sum_view_16,torch_compile,triton_per_fused__to_copy_add_div_expand_mean_mul_pow_rsqrt_sum_view_16
58,null,triton_per_fused__to_copy_add_div_expand_mean_mul_pow_rsqrt_sum_view_18,torch_compile,triton_per_fused__to_copy_add_div_expand_mean_mul_pow_rsqrt_sum_view_18
59,null,triton_poi_fused__to_copy_add_index_put_mean_mul_pow_rsqrt_slice_unsqueeze_view_11,torch_compile,triton_poi_fused__to_copy_add_index_put_mean_mul_pow_rsqrt_slice_unsqueeze_view_11
60,null,triton_poi_fused__to_copy_add_index_put_mean_mul_pow_rsqrt_slice_unsqueeze_view_6,torch_compile,triton_poi_fused__to_copy_add_index_put_mean_mul_pow_rsqrt_slice_unsqueeze_view_6
61,null,triton_poi_fused_add_index_mul_neg_slice_slice_backward_squeeze_unsqueeze_15,torch_compile,triton_poi_fused_add_index_mul_neg_slice_slice_backward_squeeze_unsqueeze_15
62,null,triton_poi_fused_add_index_slice_backward_squeeze_unsqueeze_25,torch_compile,triton_poi_fused_add_index_slice_backward_squeeze_unsqueeze_25
63,null,triton_poi_fused_add_mul_neg_slice_slice_backward_squeeze_unsqueeze_17,torch_compile,triton_poi_fused_add_mul_neg_slice_slice_backward_squeeze_unsqueeze_17
64,null,triton_poi_fused_add_new_zeros_unsqueeze_where_15,torch_compile,triton_poi_fused_add_new_zeros_unsqueeze_where_15
65,null,triton_poi_fused_add_new_zeros_unsqueeze_where_5,torch_compile,triton_poi_fused_add_new_zeros_unsqueeze_where_5
66,null,triton_poi_fused_index_put_new_zeros_slice_4,torch_compile,triton_poi_fused_index_put_new_zeros_slice_4
67,null,triton_poi_fused_index_put_new_zeros_slice_5,torch_compile,triton_poi_fused_index_put_new_zeros_slice_5
68,null,triton_poi_fused_index_put_new_zeros_slice_6,torch_compile,triton_poi_fused_index_put_new_zeros_slice_6
69,null,triton_poi_fused_index_put_new_zeros_slice_7,torch_compile,triton_poi_fused_index_put_new_zeros_slice_7
70,null,triton_poi_fused_index_put_slice_view_7,torch_compile,triton_poi_fused_index_put_slice_view_7
71,null,triton_poi_fused_index_put_slice_view_9,torch_compile,triton_poi_fused_index_put_slice_view_9
72,null,triton_poi_fused_index_put_squeeze_unsqueeze_zeros_21,torch_compile,triton_poi_fused_index_put_squeeze_unsqueeze_zeros_21
73,null,triton_poi_fused_index_put_squeeze_unsqueeze_zeros_22,torch_compile,triton_poi_fused_index_put_squeeze_unsqueeze_zeros_22
74,null,triton_poi_fused_mul_silu_14,torch_compile,triton_poi_fused_mul_silu_14
75,null,triton_poi_fused_mul_silu_4,torch_compile,triton_poi_fused_mul_silu_4
76,null,triton_poi_fused_mul_silu_silu_backward_12,torch_compile,triton_poi_fused_mul_silu_silu_backward_12
77,null,triton_poi_fused_mul_silu_silu_backward_13,torch_compile,triton_poi_fused_mul_silu_silu_backward_13
78,null,triton_red_fused__to_copy_add_div_expand_mean_mul_pow_rsqrt_scalar_tensor_sum_unsqueeze_where_14,torch_compile,triton_red_fused__to_copy_add_div_expand_mean_mul_pow_rsqrt_scalar_tensor_sum_unsqueeze_where_14
79,null,triton_red_fused__to_copy_add_div_expand_mean_mul_pow_rsqrt_scalar_tensor_sum_unsqueeze_where_20,torch_compile,triton_red_fused__to_copy_add_div_expand_mean_mul_pow_rsqrt_scalar_tensor_sum_unsqueeze_where_20
80,null,triton_red_fused__to_copy_add_div_expand_mean_mul_pow_rsqrt_sum_26,torch_compile,triton_red_fused__to_copy_add_div_expand_mean_mul_pow_rsqrt_sum_26
81,null,triton_red_fused__to_copy_add_mean_mul_new_zeros_pow_rsqrt_scalar_tensor_unsqueeze_where_11,torch_compile,triton_red_fused__to_copy_add_mean_mul_new_zeros_pow_rsqrt_scalar_tensor_unsqueeze_where_11
82,null,triton_red_fused__to_copy_add_mean_mul_new_zeros_pow_rsqrt_scalar_tensor_unsqueeze_where_9,torch_compile,triton_red_fused__to_copy_add_mean_mul_new_zeros_pow_rsqrt_scalar_tensor_unsqueeze_where_9
83,null,triton_red_fused__to_copy_add_mean_mul_new_zeros_pow_rsqrt_unsqueeze_where_13,torch_compile,triton_red_fused__to_copy_add_mean_mul_new_zeros_pow_rsqrt_unsqueeze_where_13
84,null,triton_red_fused__to_copy_add_mean_mul_new_zeros_pow_rsqrt_unsqueeze_where_3,torch_compile,triton_red_fused__to_copy_add_mean_mul_new_zeros_pow_rsqrt_unsqueeze_where_3
85,null,triton_red_fused__to_copy_add_mean_mul_pow_rsqrt_0,torch_compile,triton_red_fused__to_copy_add_mean_mul_pow_rsqrt_0
86,null,triton_red_fused__to_copy_add_mean_mul_pow_rsqrt_2,torch_compile,triton_red_fused__to_copy_add_mean_mul_pow_rsqrt_2
87,null,triton_red_fused__to_copy_add_mean_mul_pow_rsqrt_8,torch_compile,triton_red_fused__to_copy_add_mean_mul_pow_rsqrt_8
